spec,path,xform,xvar,dform,dvar,mtransform,meaning,mvar,yform,yrole,yvar,a_xd,se_a,p_a,beta_xd,se_beta,p_beta,c_xd,se_cxd,p_cxd,c_m,se_m,p_m,attenuation,N,r2_m,r2_base,r2_y,first_neg10,first_neg05,m_pos10,m_pos05,m_pos01,chain10,chain05
ctrl,fd2_level_raw,rawfund,fund_est_scale_cum,ln_debt_l1,ln_debt_pressure_l1,fd2_level,same_direction,fin_dev_2,count,invent,pat_invent_apply,-3.52192454140e-08,2.9073437e-08,.22729139,-.0068074500847338,.0020671226,.0011867386,-.0068029317652232,.0020797139,.0012779606,128.2912071947652,1449.9104,.92958915,.0006637315668005,944,.60251683,.68032646,.68033916,0,0,0,0,0,0,0
ctrl,fd2_level_raw,rawfund,fund_est_scale_cum,ln_debt_l1,ln_debt_pressure_l1,fd2_level,same_direction,fin_dev_2,count,utility,pat_utility_apply,-3.52192454140e-08,2.9073437e-08,.22729139,-.0078058889829428,.0048887706,.11203983,-.0077244198370707,.0048531778,.11317715,2313.199641684391,1642.837,.16079395,.0104368824678645,944,.60251683,.55534858,.55769259,0,0,0,0,0,0,0
ctrl,fd2_level_raw,rawfund,fund_est_scale_cum,ln_debt_l1,ln_debt_pressure_l1,fd2_level,same_direction,fin_dev_2,count,total,pat_apply_total,-3.52192454140e-08,2.9073437e-08,.22729139,-.0226924988163223,.0080336053,.0052517788,-.0225465869182215,.0079577519,.0051184958,4142.959236785657,3323.2617,.21410033,.006429961692707,944,.60251683,.66401464,.6662069,0,0,0,0,0,0,0
ctrl,fd2_level_raw,rawfund,fund_est_scale_cum,ln_debt_l1,ln_debt_pressure_l1,fd2_level,same_direction,fin_dev_2,logy,invent,lny_invent,-3.52192454140e-08,2.9073437e-08,.22729139,8.70128205818e-08,8.3583309e-08,.29921973,9.41455430746e-08,8.4007439e-08,.26387635,.2025234331114547,.12653862,.11119684,-.0819732361870346,944,.60251683,.41087061,.41462678,0,0,0,0,0,0,0
ctrl,fd2_level_raw,rawfund,fund_est_scale_cum,ln_debt_l1,ln_debt_pressure_l1,fd2_level,same_direction,fin_dev_2,logy,utility,lny_utility,-3.52192454140e-08,2.9073437e-08,.22729139,1.70638668912e-08,6.9907870e-08,.80743098,2.02537999306e-08,7.0560624e-08,.77440208,.0905735770845706,.081532799,.26805946,-.1869408065421171,944,.60251683,.79001749,.79059446,0,0,0,0,0,0,0
ctrl,fd2_level_raw,rawfund,fund_est_scale_cum,ln_debt_l1,ln_debt_pressure_l1,fd2_level,same_direction,fin_dev_2,logy,total,lny_total,-3.52192454140e-08,2.9073437e-08,.22729139,-2.13601435227e-09,6.5798623e-08,.9741379,3.51428394094e-09,6.6823134e-08,.95811468,.1604321224598674,.088388301,.071130618,-.6452529624640627,944,.60251683,.69871151,.701765,0,0,1,0,0,0,0
ctrl,fd2_level_raw,rawfund,fund_est_scale_cum,ln_debt_l1,ln_debt_pressure_l1,fd2_level,same_direction,fin_dev_2,wcount,invent,w_pat_invent_apply,-3.52192454140e-08,2.9073437e-08,.22729139,.002082471424315,.0025345767,.41234797,.0020498811242004,.0025511796,.4227151,-925.3548658275553,970.20654,.3414441,.0156498186405533,944,.60251683,.26095113,.2628662,0,0,0,0,0,0,0
ctrl,fd2_level_raw,rawfund,fund_est_scale_cum,ln_debt_l1,ln_debt_pressure_l1,fd2_level,same_direction,fin_dev_2,wcount,utility,w_pat_utility_apply,-3.52192454140e-08,2.9073437e-08,.22729139,.0003033865190289,.0026483268,.90891987,.0002968570099659,.002657373,.91117388,-185.3960522502632,1209.4537,.87833738,.0215220804269698,944,.60251683,.52122152,.52124715,0,0,0,0,0,0,0
ctrl,fd2_level_raw,rawfund,fund_est_scale_cum,ln_debt_l1,ln_debt_pressure_l1,fd2_level,same_direction,fin_dev_2,wcount,total,w_pat_apply_total,-3.52192454140e-08,2.9073437e-08,.22729139,-.0008772470268907,.0054944605,.8733229,-.0008825128667011,.0055256067,.87328118,-149.5159748188587,1931.2533,.9383738,-.0060026875544167,944,.60251683,.43193671,.43194368,0,0,0,0,0,0,0
ctrl,fd2_log_raw,rawfund,fund_est_scale_cum,ln_debt_l1,ln_debt_pressure_l1,fd2_log,same_direction,ln_fin_dev_2,count,invent,pat_invent_apply,-2.28274893440e-08,9.5849657e-09,.018252691,-.0068074500847338,.0020671226,.0011867386,-.0068390758287352,.0020890923,.0012668349,-1385.423667261127,3575.2017,.6988247,-.0046457548138762,944,.6754936,.68032646,.68049133,1,1,0,0,0,0,0
ctrl,fd2_log_raw,rawfund,fund_est_scale_cum,ln_debt_l1,ln_debt_pressure_l1,fd2_log,same_direction,ln_fin_dev_2,count,utility,pat_utility_apply,-2.28274893440e-08,9.5849657e-09,.018252691,-.0078058889829428,.0048887706,.11203983,-.0077575084182824,.004871489,.11299516,2119.39928790469,3675.9321,.56493688,.0061979570509026,944,.6754936,.55534858,.55556715,1,1,0,0,0,0,0
ctrl,fd2_log_raw,rawfund,fund_est_scale_cum,ln_debt_l1,ln_debt_pressure_l1,fd2_log,same_direction,ln_fin_dev_2,count,total,pat_apply_total,-2.28274893440e-08,9.5849657e-09,.018252691,-.0226924988163223,.0080336053,.0052517788,-.022625656804576,.0079892036,.0051378016,2928.136806415336,6281.3394,.64164627,.0029455553699639,944,.6754936,.66401464,.66413629,1,1,0,0,0,0,0
ctrl,fd2_log_raw,rawfund,fund_est_scale_cum,ln_debt_l1,ln_debt_pressure_l1,fd2_log,same_direction,ln_fin_dev_2,logy,invent,lny_invent,-2.28274893440e-08,9.5849657e-09,.018252691,8.70128205818e-08,8.3583309e-08,.29921973,1.05187865273e-07,8.4800568e-08,.21639293,.7961911368178676,.42831481,.064630687,-.2088777788147496,944,.6754936,.41087061,.41731942,1,1,1,0,0,1,0
ctrl,fd2_log_raw,rawfund,fund_est_scale_cum,ln_debt_l1,ln_debt_pressure_l1,fd2_log,same_direction,ln_fin_dev_2,logy,utility,lny_utility,-2.28274893440e-08,9.5849657e-09,.018252691,1.70638668912e-08,6.9907870e-08,.80743098,2.51319764970e-08,7.2131357e-08,.72792125,.3534383253527644,.2555081,.16824716,-.4728183627545731,944,.6754936,.79001749,.79099351,1,1,0,0,0,0,0
ctrl,fd2_log_raw,rawfund,fund_est_scale_cum,ln_debt_l1,ln_debt_pressure_l1,fd2_log,same_direction,ln_fin_dev_2,logy,total,lny_total,-2.28274893440e-08,9.5849657e-09,.018252691,-2.13601435227e-09,6.5798623e-08,.9741379,1.01962197458e-08,6.8463748e-08,.8817721,.5402361123564783,.27666739,.0523692,-3.773479042857065,944,.6754936,.69871151,.70255762,1,1,1,0,0,1,0
ctrl,fd2_log_raw,rawfund,fund_est_scale_cum,ln_debt_l1,ln_debt_pressure_l1,fd2_log,same_direction,ln_fin_dev_2,wcount,invent,w_pat_invent_apply,-2.28274893440e-08,9.5849657e-09,.018252691,.002082471424315,.0025345767,.41234797,.0020084071310067,.002538848,.42991596,-3244.522084410008,2608.5137,.21513946,.0355655748470631,944,.6754936,.26095113,.2635664,1,1,0,0,0,0,0
ctrl,fd2_log_raw,rawfund,fund_est_scale_cum,ln_debt_l1,ln_debt_pressure_l1,fd2_log,same_direction,ln_fin_dev_2,wcount,utility,w_pat_utility_apply,-2.28274893440e-08,9.5849657e-09,.018252691,.0003033865190289,.0026483268,.90891987,.0002791374926698,.0026518558,.91628259,-1062.273033778307,3487.7375,.76103324,.0799278307969873,944,.6754936,.52122152,.52131504,1,1,0,0,0,0,0
ctrl,fd2_log_raw,rawfund,fund_est_scale_cum,ln_debt_l1,ln_debt_pressure_l1,fd2_log,same_direction,ln_fin_dev_2,wcount,total,w_pat_apply_total,-2.28274893440e-08,9.5849657e-09,.018252691,-.0008772470268907,.0054944605,.8733229,-.0009440628097723,.0055192597,.86437231,-2926.987802935875,5202.0596,.57434803,-.0761652998910159,944,.6754936,.43193671,.43223336,1,1,0,0,0,0,0
ctrl,fd2_asinh_raw,rawfund,fund_est_scale_cum,ln_debt_l1,ln_debt_pressure_l1,fd2_asinh,same_direction,asinh_fin_dev_2,count,invent,pat_invent_apply,-3.28795816914e-08,1.3351454e-08,.01470758,-.0068074500847338,.0020671226,.0011867386,-.0068474972957693,.0020885391,.0012462437,-1217.996366599698,2532.2556,.6310901,-.0058828504854176,944,.68186265,.68032646,.68056113,1,1,0,0,0,0,0
ctrl,fd2_asinh_raw,rawfund,fund_est_scale_cum,ln_debt_l1,ln_debt_pressure_l1,fd2_asinh,same_direction,asinh_fin_dev_2,count,utility,pat_utility_apply,-3.28795816914e-08,1.3351454e-08,.01470758,-.0078058889829428,.0048887706,.11203983,-.0077714438623072,.0048725475,.11243153,1047.614320611626,2626.8752,.69049591,.0044127095210923,944,.68186265,.55534858,.55544692,1,1,0,0,0,0,0
ctrl,fd2_asinh_raw,rawfund,fund_est_scale_cum,ln_debt_l1,ln_debt_pressure_l1,fd2_asinh,same_direction,asinh_fin_dev_2,count,total,pat_apply_total,-3.28795816914e-08,1.3351454e-08,.01470758,-.0226924988163223,.0080336053,.0052517788,-.0226565702455078,.0079903686,.0050848667,1092.731992509882,4266.4673,.79814196,.0015832796161118,944,.68186265,.66401464,.66404587,1,1,0,0,0,0,0
ctrl,fd2_asinh_raw,rawfund,fund_est_scale_cum,ln_debt_l1,ln_debt_pressure_l1,fd2_asinh,same_direction,asinh_fin_dev_2,logy,invent,lny_invent,-3.28795816914e-08,1.3351454e-08,.01470758,8.70128205818e-08,8.3583309e-08,.29921973,1.06926948142e-07,8.4911420e-08,.20951703,.6056685193533961,.31994745,.0599158,-.2288642918002398,944,.68186265,.41087061,.41774258,1,1,1,0,0,1,0
ctrl,fd2_asinh_raw,rawfund,fund_est_scale_cum,ln_debt_l1,ln_debt_pressure_l1,fd2_asinh,same_direction,asinh_fin_dev_2,logy,utility,lny_utility,-3.28795816914e-08,1.3351454e-08,.01470758,1.70638668912e-08,6.9907870e-08,.80743098,2.59937033069e-08,7.2346275e-08,.71978366,.271592154045794,.18913579,.15270138,-.5233184525302904,944,.68186265,.79001749,.79107875,1,1,0,0,0,0,0
ctrl,fd2_asinh_raw,rawfund,fund_est_scale_cum,ln_debt_l1,ln_debt_pressure_l1,fd2_asinh,same_direction,asinh_fin_dev_2,logy,total,lny_total,-3.28795816914e-08,1.3351454e-08,.01470758,-2.13601435227e-09,6.5798623e-08,.9741379,1.11456865378e-08,6.8679334e-08,.87125784,.4039498134366048,.20449372,.049713906,-4.217982981242455,944,.68186265,.69871151,.70267135,1,1,1,1,0,1,1
ctrl,fd2_asinh_raw,rawfund,fund_est_scale_cum,ln_debt_l1,ln_debt_pressure_l1,fd2_asinh,same_direction,asinh_fin_dev_2,wcount,invent,w_pat_invent_apply,-3.28795816914e-08,1.3351454e-08,.01470758,.002082471424315,.0025345767,.41234797,.0020037776123933,.0025365308,.43055797,-2393.394558979272,1885.7178,.20595631,.0377886635095483,944,.68186265,.26095113,.2635718,1,1,0,0,0,0,0
ctrl,fd2_asinh_raw,rawfund,fund_est_scale_cum,ln_debt_l1,ln_debt_pressure_l1,fd2_asinh,same_direction,asinh_fin_dev_2,wcount,utility,w_pat_utility_apply,-3.28795816914e-08,1.3351454e-08,.01470758,.0003033865190289,.0026483268,.90891987,.0002773419830628,.0026501485,.91676575,-792.1188356504946,2552.1748,.75662887,.085846055551271,944,.68186265,.52122152,.52131724,1,1,0,0,0,0,0
ctrl,fd2_asinh_raw,rawfund,fund_est_scale_cum,ln_debt_l1,ln_debt_pressure_l1,fd2_asinh,same_direction,asinh_fin_dev_2,wcount,total,w_pat_apply_total,-3.28795816914e-08,1.3351454e-08,.01470758,-.0008772470268907,.0054944605,.8733229,-.0009546079037612,.0055142879,.86274999,-2352.854656017927,3780.8411,.53450441,-.0881859664371961,944,.68186265,.43193671,.43228969,1,1,0,0,0,0,0
ctrl,fd2_log_logfund,logfund,ln_fund,ln_debt_l1,ln_debt_pressure_l1,fd2_log,same_direction,ln_fin_dev_2,count,invent,pat_invent_apply,-.0013186617882883,.00064250646,.041541945,199.4501838856406,58.568851,.00081026816,186.5180415958783,53.92952,.00067398173,-9807.019817074224,5687.7866,.086337753,.0648389589712151,944,.67100263,.11227908,.12065473,1,1,0,0,0,0,0
ctrl,fd2_log_logfund,logfund,ln_fund,ln_debt_l1,ln_debt_pressure_l1,fd2_log,same_direction,ln_fin_dev_2,count,utility,pat_utility_apply,-.0013186617882883,.00064250646,.041541945,263.6563771926434,64.897491,.000071618051,258.6698025221224,64.41008,.000085980537,-3781.541798518082,4704.0845,.42249528,.0189131578140343,944,.67100263,.30883119,.30953667,1,1,0,0,0,0,0
ctrl,fd2_log_logfund,logfund,ln_fund,ln_debt_l1,ln_debt_pressure_l1,fd2_log,same_direction,ln_fin_dev_2,count,total,pat_apply_total,-.0013186617882883,.00064250646,.041541945,428.7678143287236,114.02618,.00022755208,412.1339871521635,109.41625,.0002222036,-12614.17243169772,9345.8965,.17876092,.0387944864812251,944,.67100263,.19898151,.20127027,1,1,0,0,0,0,0
ctrl,fd2_log_logfund,logfund,ln_fund,ln_debt_l1,ln_debt_pressure_l1,fd2_log,same_direction,ln_fin_dev_2,logy,invent,lny_invent,-.0013186617882883,.00064250646,.041541945,-.0013794471233111,.0042713154,.74709326,-.0005117109196887,.0042582583,.90447962,.6580430337249336,.41351068,.11323658,.6290463686201904,944,.67100263,.41122493,.41569096,1,1,0,0,0,0,0
ctrl,fd2_log_logfund,logfund,ln_fund,ln_debt_l1,ln_debt_pressure_l1,fd2_log,same_direction,ln_fin_dev_2,logy,utility,lny_utility,-.0013186617882883,.00064250646,.041541945,-.0052632960982878,.0029481219,.075850189,-.0048155882982916,.0030410034,.1150036,.3395167767599315,.25171486,.17904514,.0850622483773595,944,.67100263,.79097712,.7918902,1,1,0,0,0,0,0
ctrl,fd2_log_logfund,logfund,ln_fund,ln_debt_l1,ln_debt_pressure_l1,fd2_log,same_direction,ln_fin_dev_2,logy,total,lny_total,-.0013186617882883,.00064250646,.041541945,-.0069441343647075,.0032020784,.031386845,-.0063436891358747,.003234114,.051322132,.4553443757646242,.26670527,.089445047,.0864679738751152,944,.67100263,.70319057,.70596075,1,1,1,0,0,1,0
ctrl,fd2_log_logfund,logfund,ln_fund,ln_debt_l1,ln_debt_pressure_l1,fd2_log,same_direction,ln_fin_dev_2,wcount,invent,w_pat_invent_apply,-.0013186617882883,.00064250646,.041541945,154.888388405417,51.119896,.0027964707,147.8854792531078,49.546333,.0032212327,-5310.618093665322,2864.7334,.06536115,.0452126155123986,944,.67100263,.18514095,.19224447,1,1,0,0,0,0,0
ctrl,fd2_log_logfund,logfund,ln_fund,ln_debt_l1,ln_debt_pressure_l1,fd2_log,same_direction,ln_fin_dev_2,wcount,utility,w_pat_utility_apply,-.0013186617882883,.00064250646,.041541945,237.6913563371514,62.49894,.0001939452,231.7889308012236,62.404972,.000269696,-4476.072324495897,4319.8901,.30148268,.024832310383031,944,.67100263,.42916015,.43084323,1,1,0,0,0,0,0
ctrl,fd2_log_logfund,logfund,ln_fund,ln_debt_l1,ln_debt_pressure_l1,fd2_log,same_direction,ln_fin_dev_2,wcount,total,w_pat_apply_total,-.0013186617882883,.00064250646,.041541945,353.4269683380895,102.87991,.00073062908,342.8236398294307,101.71485,.00091351895,-8040.976543668667,6659.7798,.22882195,.0300014697761139,944,.67100263,.33681455,.33908439,1,1,0,0,0,0,0
ctrl,fd2_asinh_logfund,logfund,ln_fund,ln_debt_l1,ln_debt_pressure_l1,fd2_asinh,same_direction,asinh_fin_dev_2,count,invent,pat_invent_apply,-.0018151889090953,.00086516188,.037255049,199.4501838856406,58.568851,.00081026816,186.6322778906523,54.13839,.00070085592,-7061.472186592876,3945.6667,.0751414,.0642662029448806,944,.67782086,.11227908,.12026668,1,1,0,0,0,0,0
ctrl,fd2_asinh_logfund,logfund,ln_fund,ln_debt_l1,ln_debt_pressure_l1,fd2_asinh,same_direction,asinh_fin_dev_2,count,utility,pat_utility_apply,-.0018151889090953,.00086516188,.037255049,263.6563771926434,64.897491,.000071618051,258.3182777975601,64.40416,.000087702683,-2940.79551077901,3475.8789,.39861336,.0202464262458668,944,.67782086,.30883119,.30961597,1,1,0,0,0,0,0
ctrl,fd2_asinh_logfund,logfund,ln_fund,ln_debt_l1,ln_debt_pressure_l1,fd2_asinh,same_direction,asinh_fin_dev_2,count,total,pat_apply_total,-.0018151889090953,.00086516188,.037255049,428.7678143287236,114.02618,.00022755208,411.5521793379482,109.53885,.00023020472,-9484.211204968118,6671.5259,.15682729,.040151416257137,944,.67782086,.19898151,.20136145,1,1,0,0,0,0,0
ctrl,fd2_asinh_logfund,logfund,ln_fund,ln_debt_l1,ln_debt_pressure_l1,fd2_asinh,same_direction,asinh_fin_dev_2,logy,invent,lny_invent,-.0018151889090953,.00086516188,.037255049,-.0013794471233111,.0042713154,.74709326,-.0004637159142186,.0042579011,.91339415,.5044825937972859,.30956382,.10487569,.6638392973660571,944,.67782086,.41122493,.41605315,1,1,0,0,0,0,0
ctrl,fd2_asinh_logfund,logfund,ln_fund,ln_debt_l1,ln_debt_pressure_l1,fd2_asinh,same_direction,asinh_fin_dev_2,logy,utility,lny_utility,-.0018151889090953,.00086516188,.037255049,-.0052632960982878,.0029481219,.075850189,-.0047915531509593,.0030416616,.11689395,.2598864200661271,.18624695,.1645721,.0896288064587463,944,.67782086,.79097712,.79196125,1,1,0,0,0,0,0
ctrl,fd2_asinh_logfund,logfund,ln_fund,ln_debt_l1,ln_debt_pressure_l1,fd2_asinh,same_direction,asinh_fin_dev_2,logy,total,lny_total,-.0018151889090953,.00086516188,.037255049,-.0069441343647075,.0032020784,.031386845,-.0063246843350531,.0032340446,.052011471,.3412592631822299,.19744185,.085584313,.0892047873962053,944,.67782086,.70319057,.7060526,1,1,1,0,0,1,0
ctrl,fd2_asinh_logfund,logfund,ln_fund,ln_debt_l1,ln_debt_pressure_l1,fd2_asinh,same_direction,asinh_fin_dev_2,wcount,invent,w_pat_invent_apply,-.0018151889090953,.00086516188,.037255049,154.888388405417,51.119896,.0027964707,147.8903069471706,49.541973,.0032176203,-3855.290996535617,2075.342,.064805768,.0451814466551817,944,.67782086,.18514095,.19202714,1,1,0,0,0,0,0
ctrl,fd2_asinh_logfund,logfund,ln_fund,ln_debt_l1,ln_debt_pressure_l1,fd2_asinh,same_direction,asinh_fin_dev_2,wcount,utility,w_pat_utility_apply,-.0018151889090953,.00086516188,.037255049,237.6913563371514,62.49894,.0001939452,231.9722597884381,62.401443,.00026659059,-3150.689451691118,3144.1138,.31760836,.0240610202947434,944,.67782086,.42916015,.43069407,1,1,0,0,0,0,0
ctrl,fd2_asinh_logfund,logfund,ln_fund,ln_debt_l1,ln_debt_pressure_l1,fd2_asinh,same_direction,asinh_fin_dev_2,wcount,total,w_pat_apply_total,-.0018151889090953,.00086516188,.037255049,353.4269683380895,102.87991,.00073062908,342.779892978362,101.67271,.00091050519,-5865.546724298809,4829.395,.22608536,.0301252488167299,944,.67782086,.33681455,.3390362,1,1,0,0,0,0,0
ctrl,fd1_dlog_logfund,logfund,ln_fund,ln_debt_l1,ln_debt_pressure_l1,fd1_dlog,change,d_ln_fin_dev_1,count,invent,pat_invent_apply,-.0010323597800309,.00044966812,.022832118,188.2654492026596,67.053658,.0055372836,188.9987249192313,66.399612,.0049325079,710.290860565837,4259.0552,.86773568,-.0038949032851075,782,.20069142,.079964779,.080006719,1,1,0,0,0,0,0
ctrl,fd1_dlog_logfund,logfund,ln_fund,ln_debt_l1,ln_debt_pressure_l1,fd1_dlog,change,d_ln_fin_dev_1,count,utility,pat_utility_apply,-.0010323597800309,.00044966812,.022832118,346.4809564800395,86.077133,.000083585779,357.8230972523754,86.966438,.000058852671,10986.61628603606,5131.0005,.033593666,-.0327352501204184,782,.20069142,.30584621,.31113091,1,1,1,1,0,1,1
ctrl,fd1_dlog_logfund,logfund,ln_fund,ln_debt_l1,ln_debt_pressure_l1,fd1_dlog,change,d_ln_fin_dev_1,count,total,pat_apply_total,-.0010323597800309,.00044966812,.022832118,530.5289412585039,143.71091,.00029474476,545.1823837091175,144.3157,.00021459909,14194.12372901185,10824.774,.19143002,-.0276204393597326,782,.20069142,.19457467,.19730884,1,1,0,0,0,0,0
ctrl,fd1_dlog_logfund,logfund,ln_fund,ln_debt_l1,ln_debt_pressure_l1,fd1_dlog,change,d_ln_fin_dev_1,logy,invent,lny_invent,-.0010323597800309,.00044966812,.022832118,-.002936908745765,.0071013025,.67967629,-.0034831838593681,.0071606352,.62724721,-.529151875314922,.34216252,.12373225,-.1860034345264411,782,.20069142,.24533087,.24830242,1,1,0,0,0,0,0
ctrl,fd1_dlog_logfund,logfund,ln_fund,ln_debt_l1,ln_debt_pressure_l1,fd1_dlog,change,d_ln_fin_dev_1,logy,utility,lny_utility,-.0010323597800309,.00044966812,.022832118,-.0078910914072229,.0035731615,.028469957,-.008238294241452,.0035528725,.021524686,-.3363196057664298,.21536472,.12012235,-.0439993425892014,782,.20069142,.79292291,.79383969,1,1,0,0,0,0,0
ctrl,fd1_dlog_logfund,logfund,ln_fund,ln_debt_l1,ln_debt_pressure_l1,fd1_dlog,change,d_ln_fin_dev_1,logy,total,lny_total,-.0010323597800309,.00044966812,.022832118,-.0099940496482,.0040260111,.013962189,-.0104393117490044,.0040444387,.010638863,-.4313051606786545,.23680772,.070207633,-.044552720516512,782,.20069142,.63426727,.63700265,1,1,0,0,0,0,0
ctrl,fd1_dlog_logfund,logfund,ln_fund,ln_debt_l1,ln_debt_pressure_l1,fd1_dlog,change,d_ln_fin_dev_1,wcount,invent,w_pat_invent_apply,-.0010323597800309,.00044966812,.022832118,133.373195726462,57.207817,.020834463,133.2651758219951,57.377922,.021313719,-104.6339721445114,1573.5729,.94705749,.0008099071472234,782,.20069142,.11607684,.11607989,1,1,0,0,0,0,0
ctrl,fd1_dlog_logfund,logfund,ln_fund,ln_debt_l1,ln_debt_pressure_l1,fd1_dlog,change,d_ln_fin_dev_1,wcount,utility,w_pat_utility_apply,-.0010323597800309,.00044966812,.022832118,310.6960409380941,84.493538,.00031074381,317.7874495011477,85.227951,.00025729503,6869.125183123158,3194.4895,.032857887,-.0228242643248438,782,.20069142,.4166275,.42029661,1,1,1,1,0,1,1
ctrl,fd1_dlog_logfund,logfund,ln_fund,ln_debt_l1,ln_debt_pressure_l1,fd1_dlog,change,d_ln_fin_dev_1,wcount,total,w_pat_apply_total,-.0010323597800309,.00044966812,.022832118,426.7224406829376,132.08716,.0014673432,435.2205525156338,132.534,.0012292612,8231.734708264275,4338.7441,.059385583,-.0199148463321864,782,.20069142,.31208473,.31455064,1,1,1,0,0,1,0
ctrl,fd1_dlog_wzraw,wz_rawfund,z_w_fund_est_scale_cum,ln_debt,ln_debt_pressure,fd1_dlog,change,d_ln_fin_dev_1,count,invent,pat_invent_apply,-.0027256706836691,.0010891533,.013211156,-477.7344410562591,438.55087,.27744082,-483.8633006451044,435.92365,.2684752,-2248.569361503009,3718.2214,.54610282,-.012829009303358,784,.1597448,.36188647,.36228803,1,1,0,0,0,0,0
ctrl,fd1_dlog_wzraw,wz_rawfund,z_w_fund_est_scale_cum,ln_debt,ln_debt_pressure,fd1_dlog,change,d_ln_fin_dev_1,count,utility,pat_utility_apply,-.0027256706836691,.0010891533,.013211156,-1567.703295545736,580.2583,.0075500184,-1552.681036758344,580.93988,.0082077691,5511.399039288883,4042.1108,.17441067,.0095823354011399,784,.1597448,.55987191,.56119186,1,1,0,0,0,0,0
ctrl,fd1_dlog_wzraw,wz_rawfund,z_w_fund_est_scale_cum,ln_debt,ln_debt_pressure,fd1_dlog,change,d_ln_fin_dev_1,count,total,pat_apply_total,-.0027256706836691,.0010891533,.013211156,-2985.191314322536,1010.0868,.0035361673,-2973.32603239119,1008.2217,.0036056654,4353.16049089741,7713.2651,.57319498,.003974714074243,784,.1597448,.53378987,.53404051,1,1,0,0,0,0,0
ctrl,fd1_dlog_wzraw,wz_rawfund,z_w_fund_est_scale_cum,ln_debt,ln_debt_pressure,fd1_dlog,change,d_ln_fin_dev_1,logy,invent,lny_invent,-.0027256706836691,.0010891533,.013211156,.0100890288422253,.013817894,.46624199,.0087585136624136,.013768805,.52550203,-.4881423085273962,.38587272,.20747629,.1318774285036335,784,.1597448,.2211751,.22356661,1,1,0,0,0,0,0
ctrl,fd1_dlog_wzraw,wz_rawfund,z_w_fund_est_scale_cum,ln_debt,ln_debt_pressure,fd1_dlog,change,d_ln_fin_dev_1,logy,utility,lny_utility,-.0027256706836691,.0010891533,.013211156,-.009841832904727,.0084438799,.24531841,-.0107693416609948,.0085812397,.21109268,-.3402864336564985,.2291542,.13928254,-.0942414655122158,784,.1597448,.772829,.77378833,1,1,0,0,0,0,0
ctrl,fd1_dlog_wzraw,wz_rawfund,z_w_fund_est_scale_cum,ln_debt,ln_debt_pressure,fd1_dlog,change,d_ln_fin_dev_1,logy,total,lny_total,-.0027256706836691,.0010891533,.013211156,-.0059774187281393,.0069336821,.38977557,-.0071710925549389,.0069072917,.30055818,-.4379376547399906,.25910825,.092706971,-.1996972072878624,784,.1597448,.5952062,.59805936,1,1,0,0,0,0,0
ctrl,fd1_dlog_wzraw,wz_rawfund,z_w_fund_est_scale_cum,ln_debt,ln_debt_pressure,fd1_dlog,change,d_ln_fin_dev_1,wcount,invent,w_pat_invent_apply,-.0027256706836691,.0010891533,.013211156,237.2061705724954,184.71156,.2007051,235.0517454518149,185.03622,.20559889,-790.4201830355912,1756.7324,.65329081,.0090825003223177,784,.1597448,.24763627,.2477933,1,1,0,0,0,0,0
ctrl,fd1_dlog_wzraw,wz_rawfund,z_w_fund_est_scale_cum,ln_debt,ln_debt_pressure,fd1_dlog,change,d_ln_fin_dev_1,wcount,utility,w_pat_utility_apply,-.0027256706836691,.0010891533,.013211156,-315.4142134511731,316.98303,.32103264,-303.5897313141458,316.57193,.33883536,4338.191773450074,3311.0396,.19177245,.0374887422086884,784,.1597448,.50434697,.50581479,1,1,0,0,0,0,0
ctrl,fd1_dlog_wzraw,wz_rawfund,z_w_fund_est_scale_cum,ln_debt,ln_debt_pressure,fd1_dlog,change,d_ln_fin_dev_1,wcount,total,w_pat_apply_total,-.0027256706836691,.0010891533,.013211156,-565.7378079616127,628.40845,.36916578,-552.894679523287,629.09161,.38062638,4711.91494822752,4696.1382,.31701958,.022701555840152,784,.1597448,.44633102,.44711229,1,1,0,0,0,0,0
ctrl,fd2_dlog_wzraw,wz_rawfund,z_w_fund_est_scale_cum,debt,debt_pressure,fd2_dlog,change,d_ln_fin_dev_2,count,invent,pat_invent_apply,-5.77135952491e-06,2.2362397e-06,.010643942,-1.535852990368694,.54261279,.0051704315,-1.517051827866748,.53793019,.0053322217,3257.666139283583,2285.3264,.15573393,.0122415117982301,784,.20729323,.38402238,.38496527,1,1,0,0,0,0,0
ctrl,fd2_dlog_wzraw,wz_rawfund,z_w_fund_est_scale_cum,debt,debt_pressure,fd2_dlog,change,d_ln_fin_dev_2,count,utility,pat_utility_apply,-5.77135952491e-06,2.2362397e-06,.010643942,-3.51669339973498,.86634284,.00007302763,-3.477868069094272,.85223567,.00006707108,6727.241731017395,3792.5496,.077767633,.0110402944549086,784,.20729323,.59486693,.59706688,1,1,1,0,0,1,0
ctrl,fd2_dlog_wzraw,wz_rawfund,z_w_fund_est_scale_cum,debt,debt_pressure,fd2_dlog,change,d_ln_fin_dev_2,count,total,pat_apply_total,-5.77135952491e-06,2.2362397e-06,.010643942,-6.244258041226891,1.8915545,.0011588986,-6.175720192638158,1.8710103,.0011603968,11875.51187772372,6385.9858,.064553149,.0109761397008613,784,.20729323,.5642454,.56633216,1,1,1,0,0,1,0
ctrl,fd2_dlog_wzraw,wz_rawfund,z_w_fund_est_scale_cum,debt,debt_pressure,fd2_dlog,change,d_ln_fin_dev_2,logy,invent,lny_invent,-5.77135952491e-06,2.2362397e-06,.010643942,.000018453672548,.000021369364,.38896766,.0000148707224539,.000021767532,.49537402,-.6208156117520299,.37579533,.10025783,.1941591888976472,784,.20729323,.22313842,.22746569,1,1,0,0,0,0,0
ctrl,fd2_dlog_wzraw,wz_rawfund,z_w_fund_est_scale_cum,debt,debt_pressure,fd2_dlog,change,d_ln_fin_dev_2,logy,utility,lny_utility,-5.77135952491e-06,2.2362397e-06,.010643942,6.54279418308e-06,.000024478037,.78954667,2.98202729679e-06,.00002458768,.903602,-.6169719406530177,.20777091,.0033850812,.5442272501100189,784,.20729323,.77266228,.77619022,1,1,0,0,0,0,0
ctrl,fd2_dlog_wzraw,wz_rawfund,z_w_fund_est_scale_cum,debt,debt_pressure,fd2_dlog,change,d_ln_fin_dev_2,logy,total,lny_total,-5.77135952491e-06,2.2362397e-06,.010643942,9.00260532133e-06,.000013500176,.50571185,5.78543285409e-06,.000013726117,.67389405,-.5574375419440798,.23973192,.021161202,.3573601587997625,784,.20729323,.59481508,.59998643,1,1,0,0,0,0,0
ctrl,fd2_dlog_wzraw,wz_rawfund,z_w_fund_est_scale_cum,debt,debt_pressure,fd2_dlog,change,d_ln_fin_dev_2,wcount,invent,w_pat_invent_apply,-5.77135952491e-06,2.2362397e-06,.010643942,-.100454976395373,.34569147,.77169466,-.0977192666004424,.34690949,.77850491,474.0147937623387,1516.5051,.75496483,.0272331933478669,784,.20729323,.24919707,.24926025,1,1,0,0,0,0,0
ctrl,fd2_dlog_wzraw,wz_rawfund,z_w_fund_est_scale_cum,debt,debt_pressure,fd2_dlog,change,d_ln_fin_dev_2,wcount,utility,w_pat_utility_apply,-5.77135952491e-06,2.2362397e-06,.010643942,-1.693627900431895,.45233572,.00024261684,-1.682070933319105,.45108452,.00025664666,2002.468753315487,2637.8652,.44876,.0068237935321232,784,.20729323,.52532607,.52567589,1,1,0,0,0,0,0
ctrl,fd2_dlog_wzraw,wz_rawfund,z_w_fund_est_scale_cum,debt,debt_pressure,fd2_dlog,change,d_ln_fin_dev_2,wcount,total,w_pat_apply_total,-5.77135952491e-06,2.2362397e-06,.010643942,-2.346384108640659,.81582725,.0045072339,-2.320859565785295,.8101337,.0046638153,4422.622216685372,3887.1304,.25671622,.0108782457063911,784,.20729323,.46608934,.46685931,1,1,0,0,0,0,0
noctrl,fd2_level_raw,rawfund,fund_est_scale_cum,ln_debt_l1,ln_debt_pressure_l1,fd2_level,same_direction,fin_dev_2,count,invent,pat_invent_apply,-9.42940691490e-08,5.9581968e-08,.11482543,-.0042361195918383,.0028843866,.14323503,-.0041429498118715,.0028694286,.15008719,988.0767773382323,675.37598,.14476961,.0219941335335151,1775,.29628932,.69064903,.69221967,0,0,0,0,0,0,0
noctrl,fd2_level_raw,rawfund,fund_est_scale_cum,ln_debt_l1,ln_debt_pressure_l1,fd2_level,same_direction,fin_dev_2,count,utility,pat_utility_apply,-9.42940691490e-08,5.9581968e-08,.11482543,-.008845909385733,.0049890773,.077482611,-.0087590526378745,.004963492,.078881592,921.1263088164332,761.56268,.22764778,.0098188602291776,1775,.29628932,.50253469,.5032447,0,0,0,0,0,0,0
noctrl,fd2_level_raw,rawfund,fund_est_scale_cum,ln_debt_l1,ln_debt_pressure_l1,fd2_level,same_direction,fin_dev_2,count,total,pat_apply_total,-9.42940691490e-08,5.9581968e-08,.11482543,-.0198137537667586,.0092280554,.032781765,-.0195520086942374,.0091536436,.0336891,2775.838129411663,1637.9232,.091418296,.0132102717941437,1775,.29628932,.6501497,.65214759,0,0,1,0,0,0,0
noctrl,fd2_level_raw,rawfund,fund_est_scale_cum,ln_debt_l1,ln_debt_pressure_l1,fd2_level,same_direction,fin_dev_2,logy,invent,lny_invent,-9.42940691490e-08,5.9581968e-08,.11482543,6.57133826268e-08,7.2550179e-08,.36596513,7.64458022816e-08,7.2408938e-08,.29213923,.1138186075923307,.071649872,.11347555,-.1633216739990775,1775,.29628932,.26933724,.27179119,0,0,0,0,0,0,0
noctrl,fd2_level_raw,rawfund,fund_est_scale_cum,ln_debt_l1,ln_debt_pressure_l1,fd2_level,same_direction,fin_dev_2,logy,utility,lny_utility,-9.42940691490e-08,5.9581968e-08,.11482543,3.25101444300e-09,5.4935256e-08,.95285857,5.39050517622e-09,5.5776329e-08,.92308861,.0226895578113399,.048208203,.63831091,-.6580994242665731,1775,.29628932,.80044281,.80051476,0,0,0,0,0,0,0
noctrl,fd2_level_raw,rawfund,fund_est_scale_cum,ln_debt_l1,ln_debt_pressure_l1,fd2_level,same_direction,fin_dev_2,logy,total,lny_total,-9.42940691490e-08,5.9581968e-08,.11482543,-1.70857780367e-08,5.2030870e-08,.74291122,-1.05712650724e-08,5.2424451e-08,.84036231,.0690871973515435,.047939595,.15084593,.3812827809403381,1775,.29628932,.67613357,.67726117,0,0,0,0,0,0,0
noctrl,fd2_level_raw,rawfund,fund_est_scale_cum,ln_debt_l1,ln_debt_pressure_l1,fd2_level,same_direction,fin_dev_2,wcount,invent,w_pat_invent_apply,-9.42940691490e-08,5.9581968e-08,.11482543,.003986639400742,.0026780013,.13788371,.0039966296747021,.0027070136,.1411425,105.9480628027671,590.24457,.85769707,-.0025059387007172,1775,.29628932,.26408377,.26413548,0,0,0,0,0,0,0
noctrl,fd2_level_raw,rawfund,fund_est_scale_cum,ln_debt_l1,ln_debt_pressure_l1,fd2_level,same_direction,fin_dev_2,wcount,utility,w_pat_utility_apply,-9.42940691490e-08,5.9581968e-08,.11482543,.0017311466525211,.0023777252,.46727851,.0017198626385392,.0023924077,.47290906,-119.6683320989974,690.52252,.86256021,.006518231118925,1775,.29628932,.4768092,.47683224,0,0,0,0,0,0,0
noctrl,fd2_level_raw,rawfund,fund_est_scale_cum,ln_debt_l1,ln_debt_pressure_l1,fd2_level,same_direction,fin_dev_2,wcount,total,w_pat_apply_total,-9.42940691490e-08,5.9581968e-08,.11482543,.0023830824865003,.0058594239,.68458241,.0024278896497465,.0059053041,.68133736,475.1853817586941,1319.1926,.71900612,-.0188021872931221,1775,.29628932,.39668804,.39681453,0,0,0,0,0,0,0
noctrl,fd2_log_raw,rawfund,fund_est_scale_cum,ln_debt_l1,ln_debt_pressure_l1,fd2_log,same_direction,ln_fin_dev_2,count,invent,pat_invent_apply,-3.99836726264e-08,1.6620035e-08,.016893465,-.0042361195918383,.0028843866,.14323503,-.0041899050516904,.0028918795,.14867882,1155.835297567358,1225.2625,.34645331,.0109096400953753,1775,.29843426,.69064903,.69096631,1,1,0,0,0,0,0
noctrl,fd2_log_raw,rawfund,fund_est_scale_cum,ln_debt_l1,ln_debt_pressure_l1,fd2_log,same_direction,ln_fin_dev_2,count,utility,pat_utility_apply,-3.99836726264e-08,1.6620035e-08,.016893465,-.008845909385733,.0049890773,.077482611,-.0088296663043433,.0049747415,.077176698,406.242856714947,1433.0739,.77705491,.0018362251614158,1775,.29843426,.50253469,.50255507,1,1,0,0,0,0,0
noctrl,fd2_log_raw,rawfund,fund_est_scale_cum,ln_debt_l1,ln_debt_pressure_l1,fd2_log,same_direction,ln_fin_dev_2,count,total,pat_apply_total,-3.99836726264e-08,1.6620035e-08,.016893465,-.0198137537667586,.0092280554,.032781765,-.0197106743499895,.0092107877,.033362947,2578.037733860624,2590.9548,.32072717,.0052024173704039,1775,.29843426,.6501497,.65040404,1,1,0,0,0,0,0
noctrl,fd2_log_raw,rawfund,fund_est_scale_cum,ln_debt_l1,ln_debt_pressure_l1,fd2_log,same_direction,ln_fin_dev_2,logy,invent,lny_invent,-3.99836726264e-08,1.6620035e-08,.016893465,6.57133826268e-08,7.2550179e-08,.36596513,7.71340336396e-08,7.3389486e-08,.29430076,.2856328661818699,.21345782,.18211745,-.17379490381136,1775,.29843426,.26933724,.27161846,1,1,0,0,0,0,0
noctrl,fd2_log_raw,rawfund,fund_est_scale_cum,ln_debt_l1,ln_debt_pressure_l1,fd2_log,same_direction,ln_fin_dev_2,logy,utility,lny_utility,-3.99836726264e-08,1.6620035e-08,.016893465,3.25101444300e-09,5.4935256e-08,.95285857,5.53412035042e-09,5.5988938e-08,.921345,.057100955401405,.13682827,.67681706,-.7022749198596329,1775,.29843426,.80044281,.80051011,1,1,0,0,0,0,0
noctrl,fd2_log_raw,rawfund,fund_est_scale_cum,ln_debt_l1,ln_debt_pressure_l1,fd2_log,same_direction,ln_fin_dev_2,logy,total,lny_total,-3.99836726264e-08,1.6620035e-08,.016893465,-1.70857780367e-08,5.2030870e-08,.74291122,-1.09879346838e-08,5.3044314e-08,.83607048,.1525083353386187,.13825798,.27109671,.3568958545440485,1775,.29843426,.67613357,.67694467,1,1,0,0,0,0,0
noctrl,fd2_log_raw,rawfund,fund_est_scale_cum,ln_debt_l1,ln_debt_pressure_l1,fd2_log,same_direction,ln_fin_dev_2,wcount,invent,w_pat_invent_apply,-3.99836726264e-08,1.6620035e-08,.016893465,.003986639400742,.0026780013,.13788371,.0039715498247203,.0027000168,.1426131,-377.3934466360716,1065.2916,.72345155,.0037850365946874,1775,.29843426,.26408377,.26418063,1,1,0,0,0,0,0
noctrl,fd2_log_raw,rawfund,fund_est_scale_cum,ln_debt_l1,ln_debt_pressure_l1,fd2_log,same_direction,ln_fin_dev_2,wcount,utility,w_pat_utility_apply,-3.99836726264e-08,1.6620035e-08,.016893465,.0017311466525211,.0023777252,.46727851,.0016989809947813,.0023823653,.47644365,-804.4698154747653,1425.2917,.57299012,.0185805504651433,1775,.29843426,.4768092,.47696298,1,1,0,0,0,0,0
noctrl,fd2_log_raw,rawfund,fund_est_scale_cum,ln_debt_l1,ln_debt_pressure_l1,fd2_log,same_direction,ln_fin_dev_2,wcount,total,w_pat_apply_total,-3.99836726264e-08,1.6620035e-08,.016893465,.0023830824865003,.0058594239,.68458241,.0023557823286489,.0058954549,.68981028,-682.7826474706234,2484.5281,.78369474,.0114558174155005,1775,.29843426,.39668804,.39672658,1,1,0,0,0,0,0
noctrl,fd2_asinh_raw,rawfund,fund_est_scale_cum,ln_debt_l1,ln_debt_pressure_l1,fd2_asinh,same_direction,asinh_fin_dev_2,count,invent,pat_invent_apply,-5.55538042168e-08,2.1967681e-08,.012081704,-.0042361195918383,.0028843866,.14323503,-.0041961131135679,.0028932926,.14827789,720.1393106091651,852.33209,.39900208,.0094441333402128,1775,.30395979,.69064903,.6908772,1,1,0,0,0,0,0
noctrl,fd2_asinh_raw,rawfund,fund_est_scale_cum,ln_debt_l1,ln_debt_pressure_l1,fd2_asinh,same_direction,asinh_fin_dev_2,count,utility,pat_utility_apply,-5.55538042168e-08,2.1967681e-08,.012081704,-.008845909385733,.0049890773,.077482611,-.0088398388357086,.0049741277,.076802529,109.2733451828739,1028.915,.91551006,.0006862550541379,1775,.30395979,.50253469,.50253743,1,1,0,0,0,0,0
noctrl,fd2_asinh_raw,rawfund,fund_est_scale_cum,ln_debt_l1,ln_debt_pressure_l1,fd2_asinh,same_direction,asinh_fin_dev_2,count,total,pat_apply_total,-5.55538042168e-08,2.1967681e-08,.012081704,-.0198137537667586,.0092280554,.032781765,-.0197332578975876,.0092130145,.033205219,1448.971322590878,1765.9203,.41273108,.0040626258970692,1775,.30395979,.6501497,.65029854,1,1,0,0,0,0,0
noctrl,fd2_asinh_raw,rawfund,fund_est_scale_cum,ln_debt_l1,ln_debt_pressure_l1,fd2_asinh,same_direction,asinh_fin_dev_2,logy,invent,lny_invent,-5.55538042168e-08,2.1967681e-08,.012081704,6.57133826268e-08,7.2550179e-08,.36596513,7.75663996606e-08,7.3511792e-08,.2924107,.2133610326228046,.1581731,.17863242,-.1803744771614951,1775,.30395979,.26933724,.27169526,1,1,0,0,0,0,0
noctrl,fd2_asinh_raw,rawfund,fund_est_scale_cum,ln_debt_l1,ln_debt_pressure_l1,fd2_asinh,same_direction,asinh_fin_dev_2,logy,utility,lny_utility,-5.55538042168e-08,2.1967681e-08,.012081704,3.25101444300e-09,5.4935256e-08,.95285857,5.82967449935e-09,5.6070185e-08,.91727883,.0464173442792263,.10070635,.64527327,-.793186281255249,1775,.30395979,.80044281,.80052513,1,1,0,0,0,0,0
noctrl,fd2_asinh_raw,rawfund,fund_est_scale_cum,ln_debt_l1,ln_debt_pressure_l1,fd2_asinh,same_direction,asinh_fin_dev_2,logy,total,lny_total,-5.55538042168e-08,2.1967681e-08,.012081704,-1.70857780367e-08,5.2030870e-08,.74291122,-1.07876043857e-08,5.3135565e-08,.83929038,.1133706996282782,.10150248,.26513848,.3686208282426852,1775,.30395979,.67613357,.67696387,1,1,0,0,0,0,0
noctrl,fd2_asinh_raw,rawfund,fund_est_scale_cum,ln_debt_l1,ln_debt_pressure_l1,fd2_asinh,same_direction,asinh_fin_dev_2,wcount,invent,w_pat_invent_apply,-5.55538042168e-08,2.1967681e-08,.012081704,.003986639400742,.0026780013,.13788371,.0039672737220801,.0026985009,.14281815,-348.5932050000877,746.99554,.64116448,.004857644927274,1775,.30395979,.26408377,.26423684,1,1,0,0,0,0,0
noctrl,fd2_asinh_raw,rawfund,fund_est_scale_cum,ln_debt_l1,ln_debt_pressure_l1,fd2_asinh,same_direction,asinh_fin_dev_2,wcount,utility,w_pat_utility_apply,-5.55538042168e-08,2.1967681e-08,.012081704,.0017311466525211,.0023777252,.46727851,.0016956209440691,.002380383,.4769488,-639.4829112575439,1026.2601,.53379506,.0205214898462012,1775,.30395979,.4768092,.47698921,1,1,0,0,0,0,0
noctrl,fd2_asinh_raw,rawfund,fund_est_scale_cum,ln_debt_l1,ln_debt_pressure_l1,fd2_asinh,same_direction,asinh_fin_dev_2,wcount,total,w_pat_apply_total,-5.55538042168e-08,2.1967681e-08,.012081704,.0023830824865003,.0058594239,.68458241,.0023441123430743,.005891961,.6910935,-701.4846953404448,1765.385,.69145733,.0163528302720481,1775,.30395979,.39668804,.39676341,1,1,0,0,0,0,0
noctrl,fd2_log_logfund,logfund,ln_fund,ln_debt_l1,ln_debt_pressure_l1,fd2_log,same_direction,ln_fin_dev_2,count,invent,pat_invent_apply,-.0018908549960139,.00068681105,.0063529974,233.3636805309877,67.25679,.00061705627,227.2936416184958,65.472847,.00061306771,-3210.208569820592,2093.4675,.12647896,.0260110694975345,1775,.29167393,.1104646,.11293546,1,1,0,0,0,0,0
noctrl,fd2_log_logfund,logfund,ln_fund,ln_debt_l1,ln_debt_pressure_l1,fd2_log,same_direction,ln_fin_dev_2,count,utility,pat_utility_apply,-.0018908549960139,.00068681105,.0063529974,291.5550074365233,70.806511,.000052620668,286.7618780847285,70.313568,.000061666447,-2534.900540707334,1922.0103,.18846111,.0164398800553559,1775,.29167393,.25796482,.2587662,1,1,0,0,0,0,0
noctrl,fd2_log_logfund,logfund,ln_fund,ln_debt_l1,ln_debt_pressure_l1,fd2_log,same_direction,ln_fin_dev_2,count,total,pat_apply_total,-.0018908549960139,.00068681105,.0063529974,522.2215037139575,153.57397,.00078729371,512.0487952511329,152.60847,.00092083245,-5379.951653759625,3827.3101,.1611087,.0194796813047297,1775,.29167393,.20149955,.202618,1,1,0,0,0,0,0
noctrl,fd2_log_logfund,logfund,ln_fund,ln_debt_l1,ln_debt_pressure_l1,fd2_log,same_direction,ln_fin_dev_2,logy,invent,lny_invent,-.0018908549960139,.00068681105,.0063529974,-.0004402371864273,.003904047,.91031128,-8.70409158235e-06,.0038974057,.99821991,.2282211463886184,.20512089,.26698118,.9802286316315463,1775,.29167393,.26684681,.26831716,1,1,0,0,0,0,0
noctrl,fd2_log_logfund,logfund,ln_fund,ln_debt_l1,ln_debt_pressure_l1,fd2_log,same_direction,ln_fin_dev_2,logy,utility,lny_utility,-.0018908549960139,.00068681105,.0063529974,-.001178731592886,.0023004443,.60884523,-.0010474436163424,.0023462404,.65568399,.0694331277757254,.13737886,.61373037,.1113807225800693,1775,.29167393,.80010235,.80020273,1,1,0,0,0,0,0
noctrl,fd2_log_logfund,logfund,ln_fund,ln_debt_l1,ln_debt_pressure_l1,fd2_log,same_direction,ln_fin_dev_2,logy,total,lny_total,-.0018908549960139,.00068681105,.0063529974,-.003022054565699,.0026360182,.25274733,-.0027731302805485,.0026545159,.29721579,.1316464169252983,.13486001,.32995862,.082369222573238,1775,.29167393,.67686278,.67747295,1,1,0,0,0,0,0
noctrl,fd2_log_logfund,logfund,ln_fund,ln_debt_l1,ln_debt_pressure_l1,fd2_log,same_direction,ln_fin_dev_2,wcount,invent,w_pat_invent_apply,-.0018908549960139,.00068681105,.0063529974,175.8982155142442,53.919506,.0012653436,172.7632750950623,54.174099,.0016166739,-1657.948613611601,1049.4,.11544102,.0178224685794381,1775,.29167393,.15026675,.15215382,1,1,0,0,0,0,0
noctrl,fd2_log_logfund,logfund,ln_fund,ln_debt_l1,ln_debt_pressure_l1,fd2_log,same_direction,ln_fin_dev_2,wcount,utility,w_pat_utility_apply,-.0018908549960139,.00068681105,.0063529974,261.0306236888325,65.900795,.000098338489,255.8385038791674,65.414818,.00011955608,-2745.91114633883,1751.4889,.1182496,.0198908455118831,1775,.29167393,.36684421,.36865333,1,1,0,0,0,0,0
noctrl,fd2_log_logfund,logfund,ln_fund,ln_debt_l1,ln_debt_pressure_l1,fd2_log,same_direction,ln_fin_dev_2,wcount,total,w_pat_apply_total,-.0018908549960139,.00068681105,.0063529974,423.0158327177766,135.84024,.0020684721,415.3545396344638,136.16284,.002540648,-4051.761292887871,2819.1082,.15194421,.0181111260873874,1775,.29167393,.28054559,.28191599,1,1,0,0,0,0,0
noctrl,fd2_asinh_logfund,logfund,ln_fund,ln_debt_l1,ln_debt_pressure_l1,fd2_asinh,same_direction,asinh_fin_dev_2,count,invent,pat_invent_apply,-.0025907971865378,.00093291386,.005915795,233.3636805309877,67.25679,.00061705627,226.6652922774244,65.326736,.00061710988,-2585.454503489948,1539.5985,.094388679,.0287036450501724,1775,.29668653,.1104646,.11343607,1,1,0,0,0,0,0
noctrl,fd2_asinh_logfund,logfund,ln_fund,ln_debt_l1,ln_debt_pressure_l1,fd2_asinh,same_direction,asinh_fin_dev_2,count,utility,pat_utility_apply,-.0025907971865378,.00093291386,.005915795,291.5550074365233,70.806511,.000052620668,286.0452333850765,70.217537,.000062824445,-2126.671311855853,1419.3123,.13534281,.0188978886004775,1775,.29668653,.25796482,.25901061,1,1,0,0,0,0,0
noctrl,fd2_asinh_logfund,logfund,ln_fund,ln_debt_l1,ln_debt_pressure_l1,fd2_asinh,same_direction,asinh_fin_dev_2,count,total,pat_apply_total,-.0025907971865378,.00093291386,.005915795,522.2215037139575,153.57397,.00078729371,510.3439940725086,152.32712,.00093683682,-4584.499976750913,2812.9092,.10444852,.0227441986915091,1775,.29668653,.20149955,.20300533,1,1,0,0,0,0,0
noctrl,fd2_asinh_logfund,logfund,ln_fund,ln_debt_l1,ln_debt_pressure_l1,fd2_asinh,same_direction,asinh_fin_dev_2,logy,invent,lny_invent,-.0025907971865378,.00093291386,.005915795,-.0004402371864273,.003904047,.91031128,1.07939219266e-08,.0038958972,.99999779,.1699276124880836,.15225701,.26550898,.9999754815761608,1775,.29668653,.26684681,.26835814,1,1,0,0,0,0,0
noctrl,fd2_asinh_logfund,logfund,ln_fund,ln_debt_l1,ln_debt_pressure_l1,fd2_asinh,same_direction,asinh_fin_dev_2,logy,utility,lny_utility,-.0025907971865378,.00093291386,.005915795,-.001178731592886,.0023004443,.60884523,-.0010344292049408,.0023458931,.6596421,.0556980641692209,.10095443,.58165491,.1224217530234408,1775,.29668653,.80010235,.80022216,1,1,0,0,0,0,0
noctrl,fd2_asinh_logfund,logfund,ln_fund,ln_debt_l1,ln_debt_pressure_l1,fd2_asinh,same_direction,asinh_fin_dev_2,logy,total,lny_total,-.0025907971865378,.00093291386,.005915795,-.003022054565699,.0026360182,.25274733,-.0027688067910927,.002653921,.29785982,.0977489770029941,.099056818,.3247318,.0837998683017594,1775,.29668653,.67686278,.67748648,1,1,0,0,0,0,0
noctrl,fd2_asinh_logfund,logfund,ln_fund,ln_debt_l1,ln_debt_pressure_l1,fd2_asinh,same_direction,asinh_fin_dev_2,wcount,invent,w_pat_invent_apply,-.0025907971865378,.00093291386,.005915795,175.8982155142442,53.919506,.0012653436,172.4726487330389,54.063953,.0016106692,-1322.205689818224,742.45416,.076195151,.0194747102532597,1775,.29668653,.15026675,.1524919,1,1,0,0,0,0,0
noctrl,fd2_asinh_logfund,logfund,ln_fund,ln_debt_l1,ln_debt_pressure_l1,fd2_asinh,same_direction,asinh_fin_dev_2,wcount,utility,w_pat_utility_apply,-.0025907971865378,.00093291386,.005915795,261.0306236888325,65.900795,.000098338489,255.5464351609694,65.356918,.0001200241,-2116.79577095415,1271.2839,.097195223,.0210097514627274,1775,.29668653,.36684421,.36883748,1,1,0,0,0,0,0
noctrl,fd2_asinh_logfund,logfund,ln_fund,ln_debt_l1,ln_debt_pressure_l1,fd2_asinh,same_direction,asinh_fin_dev_2,wcount,total,w_pat_apply_total,-.0025907971865378,.00093291386,.005915795,423.0158327177766,135.84024,.0020684721,414.5627218721999,135.97321,.0025534502,-3262.745107760782,2035.0203,.11017849,.0199829656286562,1775,.29668653,.28054559,.28219315,1,1,0,0,0,0,0
noctrl,fd1_dlog_logfund,logfund,ln_fund,ln_debt_l1,ln_debt_pressure_l1,fd1_dlog,change,d_ln_fin_dev_1,count,invent,pat_invent_apply,-.0004391858982736,.00039010972,.26137429,231.7350558267449,74.544937,.002106156,232.5540075879884,74.871803,.0021242613,1864.704136591504,1697.0785,.27296811,-.003534000319122,1548,.16464645,.079438612,.079765685,0,0,0,0,0,0,0
noctrl,fd1_dlog_logfund,logfund,ln_fund,ln_debt_l1,ln_debt_pressure_l1,fd1_dlog,change,d_ln_fin_dev_1,count,utility,pat_utility_apply,-.0004391858982736,.00039010972,.26137429,319.9391050023237,71.69236,.000012452764,323.1484223055889,71.764183,.000010463284,7307.423384677102,2796.5344,.0095411679,-.0100310254454262,1548,.16464645,.24349424,.24600767,0,0,1,1,1,0,0
noctrl,fd1_dlog_logfund,logfund,ln_fund,ln_debt_l1,ln_debt_pressure_l1,fd1_dlog,change,d_ln_fin_dev_1,count,total,pat_apply_total,-.0004391858982736,.00039010972,.26137429,556.5572144170998,147.4882,.00020282344,561.3945991674099,147.78146,.00018429832,11014.43550288144,4848.2808,.023983032,-.0086916216787818,1548,.16464645,.18756115,.18945214,0,0,1,1,0,0,0
noctrl,fd1_dlog_logfund,logfund,ln_fund,ln_debt_l1,ln_debt_pressure_l1,fd1_dlog,change,d_ln_fin_dev_1,logy,invent,lny_invent,-.0004391858982736,.00039010972,.26137429,.0009753117029247,.005708457,.86448264,.000798890282592,.0057095983,.88884008,-.4017010132297853,.2402861,.095874622,.1808872177004604,1548,.16464645,.12490632,.12672336,0,0,0,0,0,0,0
noctrl,fd1_dlog_logfund,logfund,ln_fund,ln_debt_l1,ln_debt_pressure_l1,fd1_dlog,change,d_ln_fin_dev_1,logy,utility,lny_utility,-.0004391858982736,.00039010972,.26137429,-.0016835275412704,.0028303657,.55253136,-.0018295922624538,.0028045115,.51478386,-.3325806264670965,.13362464,.013492142,-.0867611117743515,1548,.16464645,.77705896,.77803361,0,0,0,0,0,0,0
noctrl,fd1_dlog_logfund,logfund,ln_fund,ln_debt_l1,ln_debt_pressure_l1,fd1_dlog,change,d_ln_fin_dev_1,logy,total,lny_total,-.0004391858982736,.00039010972,.26137429,-.0031681293682072,.0034880678,.36464339,-.0033320686851345,.0034803632,.33933333,-.3732800109742094,.14661597,.011523803,-.0517464086449453,1548,.16464645,.59339315,.59559023,0,0,0,0,0,0,0
noctrl,fd1_dlog_logfund,logfund,ln_fund,ln_debt_l1,ln_debt_pressure_l1,fd1_dlog,change,d_ln_fin_dev_1,wcount,invent,w_pat_invent_apply,-.0004391858982736,.00039010972,.26137429,147.8792207102449,48.085709,.0023462346,147.7843971926757,48.180294,.0024075233,-215.9074732178906,933.00854,.81719351,.0006412227296965,1548,.16464645,.085863017,.085877165,0,0,0,0,0,0,0
noctrl,fd1_dlog_logfund,logfund,ln_fund,ln_debt_l1,ln_debt_pressure_l1,fd1_dlog,change,d_ln_fin_dev_1,wcount,utility,w_pat_utility_apply,-.0004391858982736,.00039010972,.26137429,274.0478078078813,67.80291,.000071463859,276.1087720076973,67.725258,.000062099069,4692.692110373623,2056.26,.023356495,-.0075204549757275,1548,.16464645,.34523308,.34735265,0,0,1,1,0,0,0
noctrl,fd1_dlog_logfund,logfund,ln_fund,ln_debt_l1,ln_debt_pressure_l1,fd1_dlog,change,d_ln_fin_dev_1,wcount,total,w_pat_apply_total,-.0004391858982736,.00039010972,.26137429,406.9780481543106,121.05161,.00090027676,409.9395219418591,120.99168,.00082225725,6743.098535698844,3168.5659,.034346253,-.0072767408487488,1548,.16464645,.25424358,.25590152,0,0,1,1,0,0,0
noctrl,fd1_dlog_wzraw,wz_rawfund,z_w_fund_est_scale_cum,ln_debt,ln_debt_pressure,fd1_dlog,change,d_ln_fin_dev_1,count,invent,pat_invent_apply,-.0035502600377997,.0011105739,.0015764441,-84.5737662340652,580.97046,.88438046,-80.65100725565878,583.89752,.89025724,1104.921593528578,1748.658,.52807432,.0463826923297923,1547,.11170862,.23746254,.23757273,1,1,0,0,0,0,0
noctrl,fd1_dlog_wzraw,wz_rawfund,z_w_fund_est_scale_cum,ln_debt,ln_debt_pressure,fd1_dlog,change,d_ln_fin_dev_1,count,utility,pat_utility_apply,-.0035502600377997,.0011105739,.0015764441,-2002.088126962924,617.7453,.0013600873,-1990.630982121519,617.99158,.0014535458,3227.12835663332,2138.7419,.13264196,.0057225976654611,1547,.11170862,.49927309,.4997682,1,1,0,0,0,0,0
noctrl,fd1_dlog_wzraw,wz_rawfund,z_w_fund_est_scale_cum,ln_debt,ln_debt_pressure,fd1_dlog,change,d_ln_fin_dev_1,count,total,pat_apply_total,-.0035502600377997,.0011105739,.0015764441,-2889.24490143706,1078.6449,.0079044318,-2871.043028531844,1080.7957,.0084272241,5126.912595533736,3657.4978,.1622806,.0062998719479136,1547,.11170862,.45293805,.4533411,1,1,0,0,0,0,0
noctrl,fd1_dlog_wzraw,wz_rawfund,z_w_fund_est_scale_cum,ln_debt,ln_debt_pressure,fd1_dlog,change,d_ln_fin_dev_1,logy,invent,lny_invent,-.0035502600377997,.0011105739,.0015764441,.0072725233224255,.011462261,.52637488,.0056449265968501,.011446582,.62235481,-.4584443697775387,.2497593,.067662336,.2238008258504446,1547,.11170862,.12783906,.1300717,1,1,0,0,0,0,0
noctrl,fd1_dlog_wzraw,wz_rawfund,z_w_fund_est_scale_cum,ln_debt,ln_debt_pressure,fd1_dlog,change,d_ln_fin_dev_1,logy,utility,lny_utility,-.0035502600377997,.0011105739,.0015764441,-.0086785002229755,.0069441767,.21260743,-.0097406720228227,.0069466741,.16214567,-.2991814088371605,.13522692,.027878368,-.122391170427718,1547,.11170862,.75980955,.76060253,1,1,0,0,0,0,0
noctrl,fd1_dlog_wzraw,wz_rawfund,z_w_fund_est_scale_cum,ln_debt,ln_debt_pressure,fd1_dlog,change,d_ln_fin_dev_1,logy,total,lny_total,-.0035502600377997,.0011105739,.0015764441,-.0079289595507364,.0055882526,.15723656,-.009261706354813,.0055879639,.098737396,-.3753941372989061,.14717467,.011373715,-.1680859633030687,1547,.11170862,.57126695,.57347971,1,1,0,0,0,0,0
noctrl,fd1_dlog_wzraw,wz_rawfund,z_w_fund_est_scale_cum,ln_debt,ln_debt_pressure,fd1_dlog,change,d_ln_fin_dev_1,wcount,invent,w_pat_invent_apply,-.0035502600377997,.0011105739,.0015764441,255.7102922312569,177.29121,.15051641,253.8481027260866,177.86459,.15482238,-524.5220027106593,907.86755,.56397343,.0072824190568214,1547,.11170862,.27639589,.27647391,1,1,0,0,0,0,0
noctrl,fd1_dlog_wzraw,wz_rawfund,z_w_fund_est_scale_cum,ln_debt,ln_debt_pressure,fd1_dlog,change,d_ln_fin_dev_1,wcount,utility,w_pat_utility_apply,-.0035502600377997,.0011105739,.0015764441,-506.4610256667348,312.45816,.10635379,-496.7026610257647,310.3288,.11078788,2748.633772476556,1922.4822,.15409446,.0192677504219077,1547,.11170862,.49494073,.49567199,1,1,0,0,0,0,0
noctrl,fd1_dlog_wzraw,wz_rawfund,z_w_fund_est_scale_cum,ln_debt,ln_debt_pressure,fd1_dlog,change,d_ln_fin_dev_1,wcount,total,w_pat_apply_total,-.0035502600377997,.0011105739,.0015764441,-1257.40699750933,767.11639,.10249538,-1245.449900728923,766.22742,.10538314,3367.949573580433,2725.0334,.21769303,.0095093289635668,1547,.11170862,.48526579,.48567119,1,1,0,0,0,0,0
noctrl,fd2_dlog_wzraw,wz_rawfund,z_w_fund_est_scale_cum,debt,debt_pressure,fd2_dlog,change,d_ln_fin_dev_2,count,invent,pat_invent_apply,-8.24408819010e-06,2.3624655e-06,.00057540543,-1.799462115782571,.60856211,.0034174914,-1.778391972920014,.60233086,.0034647202,2555.788144995507,1907.0255,.18144897,.0117091339004897,1547,.12522358,.27026838,.27127203,1,1,0,0,0,0,0
noctrl,fd2_dlog_wzraw,wz_rawfund,z_w_fund_est_scale_cum,debt,debt_pressure,fd2_dlog,change,d_ln_fin_dev_2,count,utility,pat_utility_apply,-8.24408819010e-06,2.3624655e-06,.00057540543,-4.311692187566311,.91298527,3.9625061e-06,-4.278837383656413,.90494728,3.8631442e-06,3985.256240872063,1922.4108,.039234921,.007619932611294,1547,.12522358,.53650147,.53778672,1,1,1,1,0,1,1
noctrl,fd2_dlog_wzraw,wz_rawfund,z_w_fund_est_scale_cum,debt,debt_pressure,fd2_dlog,change,d_ln_fin_dev_2,count,total,pat_apply_total,-8.24408819010e-06,2.3624655e-06,.00057540543,-7.470090957495063,1.8255445,.000058440884,-7.404755825985156,1.8094567,.000058376412,7925.088864085586,3866.1472,.041464269,.0087462297154967,1547,.12522358,.50965893,.5112983,1,1,1,1,0,1,1
noctrl,fd2_dlog_wzraw,wz_rawfund,z_w_fund_est_scale_cum,debt,debt_pressure,fd2_dlog,change,d_ln_fin_dev_2,logy,invent,lny_invent,-8.24408819010e-06,2.3624655e-06,.00057540543,-.0000285952714966,.000022556502,.20612739,-.0000310711010153,.000022589727,.17027357,-.3003157488815991,.15764488,.057973571,-.0865817804510324,1547,.12522358,.13420931,.13584024,1,1,0,0,0,0,0
noctrl,fd2_dlog_wzraw,wz_rawfund,z_w_fund_est_scale_cum,debt,debt_pressure,fd2_dlog,change,d_ln_fin_dev_2,logy,utility,lny_utility,-8.24408819010e-06,2.3624655e-06,.00057540543,-.0000184415688141,.00001733725,.28853533,-.0000217310047436,.000017148179,.20629469,-.3990054271182837,.087627336,8.3959085e-06,-.178370721203081,1547,.12522358,.75992614,.76232708,1,1,0,0,0,0,0
noctrl,fd2_dlog_wzraw,wz_rawfund,z_w_fund_est_scale_cum,debt,debt_pressure,fd2_dlog,change,d_ln_fin_dev_2,logy,total,lny_total,-8.24408819010e-06,2.3624655e-06,.00057540543,-.0000256842033854,.000013315625,.054925427,-.0000284274170615,.000013248078,.032894325,-.3327491910456917,.10220502,.0012942558,-.1068054802014253,1547,.12522358,.57274455,.57570416,1,1,0,0,0,0,0
noctrl,fd2_dlog_wzraw,wz_rawfund,z_w_fund_est_scale_cum,debt,debt_pressure,fd2_dlog,change,d_ln_fin_dev_2,wcount,invent,w_pat_invent_apply,-8.24408819010e-06,2.3624655e-06,.00057540543,-.1942174242025345,.32148927,.54633588,-.1940127120424998,.32113093,.54631156,24.83138890732629,564.49261,.96494985,.0010540360159507,1547,.12522358,.27457392,.27457422,1,1,0,0,0,0,0
noctrl,fd2_dlog_wzraw,wz_rawfund,z_w_fund_est_scale_cum,debt,debt_pressure,fd2_dlog,change,d_ln_fin_dev_2,wcount,utility,w_pat_utility_apply,-8.24408819010e-06,2.3624655e-06,.00057540543,-1.715655020707336,.47357574,.00035568871,-1.702063699198223,.47224396,.0003806811,1648.614279191341,1044.2352,.11570434,.0079219431325471,1547,.12522358,.51210648,.51255435,1,1,0,0,0,0,0
noctrl,fd2_dlog_wzraw,wz_rawfund,z_w_fund_est_scale_cum,debt,debt_pressure,fd2_dlog,change,d_ln_fin_dev_2,wcount,total,w_pat_apply_total,-8.24408819010e-06,2.3624655e-06,.00057540543,-3.075934081400531,.91436952,.0008941546,-3.053821317897977,.91204816,.00094390148,2682.25702984451,1536.8625,.082215793,.007188958838964,1547,.12522358,.5017975,.50223523,1,1,1,0,0,1,0
