city,year,total_investment_amount_rmb_m,total_investment_count,early_investment_amount_rmb_m,early_investment_count,early_investment_amount_share,early_investment_count_share
三亚市,2015,0.0,0,0.0,0,,
三亚市,2016,,1,,1,,1.0
三亚市,2017,0.0,0,0.0,0,,
三亚市,2018,0.0,0,0.0,0,,
三亚市,2019,0.0,0,0.0,0,,
三亚市,2020,0.0,0,0.0,0,,
三亚市,2021,1.5,2,,1,,0.5
三亚市,2022,,1,0.0,0,,0.0
三亚市,2023,0.0,0,0.0,0,,
三亚市,2024,0.0,0,0.0,0,,
三门峡市,2015,0.0,0,0.0,0,,
三门峡市,2016,0.0,0,0.0,0,,
三门峡市,2017,0.0,0,0.0,0,,
三门峡市,2018,0.0,0,0.0,0,,
三门峡市,2019,,2,,2,,1.0
三门峡市,2020,,1,,1,,1.0
三门峡市,2021,0.0,0,0.0,0,,
三门峡市,2022,0.0,0,0.0,0,,
三门峡市,2023,0.0,0,0.0,0,,
三门峡市,2024,0.0,0,0.0,0,,
上海市,2015,477.89,31,143.9,14,,0.451613
上海市,2016,4390.3,42,22.55,8,,0.190476
上海市,2017,1909.0,46,178.6,18,,0.391304
上海市,2018,3287.62,49,200.9,15,,0.306122
上海市,2019,7683.31,71,676.27,11,,0.15493
上海市,2020,17868.89,168,334.07,32,,0.190476
上海市,2021,8013.49,238,148.83,56,,0.235294
上海市,2022,10713.39,215,1574.78,76,,0.353488
上海市,2023,7931.45,135,842.16,35,,0.259259
上海市,2024,11747.12,115,1196.8,29,,0.252174
上饶市,2015,0.0,0,0.0,0,,
上饶市,2016,0.0,0,0.0,0,,
上饶市,2017,,1,,1,,1.0
上饶市,2018,940.0,1,0.0,0,0.0,0.0
上饶市,2019,1000.0,2,1000.0,2,,1.0
上饶市,2020,0.0,0,0.0,0,,
上饶市,2021,,4,,4,,1.0
上饶市,2022,0.0,0,0.0,0,,
上饶市,2023,0.0,0,0.0,0,,
上饶市,2024,0.0,0,0.0,0,,
东莞市,2015,2.08,2,,1,,0.5
东莞市,2016,128.51,8,47.0,2,0.36573,0.25
东莞市,2017,130.04,4,0.0,0,0.0,0.0
东莞市,2018,135.5,8,10.0,3,,0.375
东莞市,2019,218.82,11,30.0,2,,0.181818
东莞市,2020,111.13,24,,3,,0.125
东莞市,2021,81.5,22,19.0,8,,0.363636
东莞市,2022,231.51,10,180.0,4,,0.4
东莞市,2023,104.66,17,21.33,10,,0.588235
东莞市,2024,96.35,7,29.21,3,,0.428571
东营市,2015,28.0,2,,1,,0.5
东营市,2016,0.0,0,0.0,0,,
东营市,2017,,1,,1,,1.0
东营市,2018,0.0,0,0.0,0,,
东营市,2019,0.0,0,0.0,0,,
东营市,2020,,1,0.0,0,,0.0
东营市,2021,0.0,0,0.0,0,,
东营市,2022,0.0,0,0.0,0,,
东营市,2023,0.0,0,0.0,0,,
东营市,2024,0.0,0,0.0,0,,
中山市,2015,0.0,0,0.0,0,,
中山市,2016,,1,,1,,1.0
中山市,2017,0.0,0,0.0,0,,
中山市,2018,0.0,0,0.0,0,,
中山市,2019,0.0,0,0.0,0,,
中山市,2020,0.0,0,0.0,0,,
中山市,2021,0.0,0,0.0,0,,
中山市,2022,,4,0.0,0,,0.0
中山市,2023,112.0,2,0.0,0,0.0,0.0
中山市,2024,470.0,9,150.0,3,0.319149,0.333333
临沂市,2015,0.0,0,0.0,0,,
临沂市,2016,0.0,0,0.0,0,,
临沂市,2017,0.0,0,0.0,0,,
临沂市,2018,0.0,0,0.0,0,,
临沂市,2019,0.0,0,0.0,0,,
临沂市,2020,0.0,0,0.0,0,,
临沂市,2021,0.0,0,0.0,0,,
临沂市,2022,0.0,0,0.0,0,,
临沂市,2023,,2,0.0,0,,0.0
临沂市,2024,20.0,2,20.0,1,,0.5
丽水市,2015,0.0,0,0.0,0,,
丽水市,2016,,1,0.0,0,,0.0
丽水市,2017,,1,0.0,0,,0.0
丽水市,2018,,2,,1,,0.5
丽水市,2019,60.0,2,0.0,0,0.0,0.0
丽水市,2020,10.0,1,0.0,0,0.0,0.0
丽水市,2021,0.0,0,0.0,0,,
丽水市,2022,0.0,0,0.0,0,,
丽水市,2023,150.0,1,0.0,0,0.0,0.0
丽水市,2024,370.0,4,0.0,0,0.0,0.0
乌兰察布市,2015,0.0,0,0.0,0,,
乌兰察布市,2016,0.0,0,0.0,0,,
乌兰察布市,2017,,1,0.0,0,,0.0
乌兰察布市,2018,0.0,0,0.0,0,,
乌兰察布市,2019,0.0,0,0.0,0,,
乌兰察布市,2020,0.0,0,0.0,0,,
乌兰察布市,2021,0.0,0,0.0,0,,
乌兰察布市,2022,0.0,0,0.0,0,,
乌兰察布市,2023,0.0,0,0.0,0,,
乌兰察布市,2024,0.0,0,0.0,0,,
乌鲁木齐市,2015,0.0,0,0.0,0,,
乌鲁木齐市,2016,10.6,1,0.0,0,0.0,0.0
乌鲁木齐市,2017,33.3,7,,1,,0.142857
乌鲁木齐市,2018,39.0,2,0.0,0,0.0,0.0
乌鲁木齐市,2019,,1,0.0,0,,0.0
乌鲁木齐市,2020,0.0,0,0.0,0,,
乌鲁木齐市,2021,,1,0.0,0,,0.0
乌鲁木齐市,2022,40.0,9,,4,,0.444444
乌鲁木齐市,2023,223.37,15,32.0,4,,0.266667
乌鲁木齐市,2024,593.72,24,143.5,7,0.241696,0.291667
九江市,2015,0.0,0,0.0,0,,
九江市,2016,0.0,0,0.0,0,,
九江市,2017,250.0,1,0.0,0,0.0,0.0
九江市,2018,418.0,4,100.0,2,,0.5
九江市,2019,20.0,3,0.0,0,,0.0
九江市,2020,299.06,8,,1,,0.125
九江市,2021,93.7,15,,4,,0.266667
九江市,2022,103.1,17,0.0,0,,0.0
九江市,2023,39.91,4,,2,,0.5
九江市,2024,487.0,4,0.0,0,,0.0
云浮市,2015,0.0,0,0.0,0,,
云浮市,2016,0.0,0,0.0,0,,
云浮市,2017,,1,,1,,1.0
云浮市,2018,0.0,0,0.0,0,,
云浮市,2019,0.0,0,0.0,0,,
云浮市,2020,0.0,0,0.0,0,,
云浮市,2021,0.0,0,0.0,0,,
云浮市,2022,0.0,0,0.0,0,,
云浮市,2023,0.0,0,0.0,0,,
云浮市,2024,0.0,0,0.0,0,,
亳州市,2015,0.0,0,0.0,0,,
亳州市,2016,,1,0.0,0,,0.0
亳州市,2017,36.0,3,0.0,0,,0.0
亳州市,2018,0.0,0,0.0,0,,
亳州市,2019,,1,0.0,0,,0.0
亳州市,2020,0.0,0,0.0,0,,
亳州市,2021,0.0,0,0.0,0,,
亳州市,2022,12.0,2,,1,,0.5
亳州市,2023,,2,0.0,0,,0.0
亳州市,2024,,1,0.0,0,,0.0
仙桃市,2015,0.0,0,0.0,0,,
仙桃市,2016,0.0,0,0.0,0,,
仙桃市,2017,0.0,0,0.0,0,,
仙桃市,2018,0.0,0,0.0,0,,
仙桃市,2019,0.0,0,0.0,0,,
仙桃市,2020,0.0,0,0.0,0,,
仙桃市,2021,0.0,0,0.0,0,,
仙桃市,2022,0.0,0,0.0,0,,
仙桃市,2023,0.0,0,0.0,0,,
仙桃市,2024,50.0,1,0.0,0,0.0,0.0
佛山市,2015,19.04,3,,1,,0.333333
佛山市,2016,47.06,3,0.0,0,0.0,0.0
佛山市,2017,219.94,12,20.0,3,,0.25
佛山市,2018,114.02,13,,3,,0.230769
佛山市,2019,337.0,21,,2,,0.095238
佛山市,2020,921.57,51,21.66,4,,0.078431
佛山市,2021,832.01,27,75.52,7,,0.259259
佛山市,2022,134.98,35,,7,,0.2
佛山市,2023,153.94,13,105.34,6,,0.461538
佛山市,2024,45.34,5,3.34,2,,0.4
保定市,2015,0.0,0,0.0,0,,
保定市,2016,0.0,0,0.0,0,,
保定市,2017,,3,0.0,0,,0.0
保定市,2018,200.02,6,,1,,0.166667
保定市,2019,,3,,1,,0.333333
保定市,2020,1620.0,7,1100.0,3,,0.428571
保定市,2021,1659.82,18,250.0,4,,0.222222
保定市,2022,83.25,2,0.0,0,,0.0
保定市,2023,249.44,3,0.0,0,,0.0
保定市,2024,50.0,1,0.0,0,0.0,0.0
儋州市,2015,0.0,0,0.0,0,,
儋州市,2016,0.0,0,0.0,0,,
儋州市,2017,0.0,0,0.0,0,,
儋州市,2018,0.0,0,0.0,0,,
儋州市,2019,0.0,0,0.0,0,,
儋州市,2020,0.0,0,0.0,0,,
儋州市,2021,257.95,1,257.95,1,1.0,1.0
儋州市,2022,,2,0.0,0,,0.0
儋州市,2023,17.07,1,0.0,0,0.0,0.0
儋州市,2024,0.0,0,0.0,0,,
六安市,2015,0.0,0,0.0,0,,
六安市,2016,0.0,0,0.0,0,,
六安市,2017,0.0,0,0.0,0,,
六安市,2018,30.0,2,0.0,0,,0.0
六安市,2019,65.71,3,0.0,0,0.0,0.0
六安市,2020,50.0,3,0.0,0,,0.0
六安市,2021,21.33,3,0.0,0,,0.0
六安市,2022,,1,0.0,0,,0.0
六安市,2023,,1,,1,,1.0
六安市,2024,0.0,0,0.0,0,,
兰州市,2015,,2,0.0,0,,0.0
兰州市,2016,144.7,7,,3,,0.428571
兰州市,2017,65.15,7,,2,,0.285714
兰州市,2018,139.54,10,,1,,0.1
兰州市,2019,2006.69,14,2005.49,4,,0.285714
兰州市,2020,43.8,13,5.0,3,,0.230769
兰州市,2021,35.0,3,,1,,0.333333
兰州市,2022,0.0,0,0.0,0,,
兰州市,2023,,1,0.0,0,,0.0
兰州市,2024,20.0,1,0.0,0,0.0,0.0
包头市,2015,0.0,0,0.0,0,,
包头市,2016,,1,0.0,0,,0.0
包头市,2017,,1,0.0,0,,0.0
包头市,2018,0.0,0,0.0,0,,
包头市,2019,0.0,0,0.0,0,,
包头市,2020,,1,0.0,0,,0.0
包头市,2021,0.0,0,0.0,0,,
包头市,2022,0.0,0,0.0,0,,
包头市,2023,0.0,0,0.0,0,,
包头市,2024,0.0,0,0.0,0,,
北京市,2015,25783.02,104,2169.32,62,,0.596154
北京市,2016,25709.89,112,21186.51,71,,0.633929
北京市,2017,15397.22,153,1351.13,98,,0.640523
北京市,2018,21660.34,212,3690.47,116,,0.54717
北京市,2019,16148.4,158,659.63,61,,0.386076
北京市,2020,61419.88,289,14964.69,83,,0.287197
北京市,2021,38888.87,583,1028.35,203,,0.348199
北京市,2022,26879.9,409,4812.06,146,,0.356968
北京市,2023,30912.33,283,13426.62,103,,0.363958
北京市,2024,30932.2,391,8232.12,168,,0.429668
十堰市,2015,0.0,0,0.0,0,,
十堰市,2016,0.0,0,0.0,0,,
十堰市,2017,0.0,0,0.0,0,,
十堰市,2018,,1,,1,,1.0
十堰市,2019,0.0,0,0.0,0,,
十堰市,2020,0.0,0,0.0,0,,
十堰市,2021,0.0,0,0.0,0,,
十堰市,2022,0.0,0,0.0,0,,
十堰市,2023,18.0,1,0.0,0,0.0,0.0
十堰市,2024,0.0,0,0.0,0,,
南京市,2015,371.19,14,50.0,6,,0.428571
南京市,2016,336.06,12,17.14,5,,0.416667
南京市,2017,1831.52,56,111.57,9,,0.160714
南京市,2018,1698.19,53,267.31,11,,0.207547
南京市,2019,1726.43,75,111.96,20,,0.266667
南京市,2020,5684.28,209,2326.27,73,,0.349282
南京市,2021,6928.59,493,2069.39,153,,0.310345
南京市,2022,5276.89,355,857.69,139,,0.391549
南京市,2023,8601.95,217,1505.27,101,,0.465438
南京市,2024,6851.82,132,1904.67,55,,0.416667
南宁市,2015,715.33,4,0.0,0,0.0,0.0
南宁市,2016,345.09,4,,1,,0.25
南宁市,2017,170.79,3,0.0,0,,0.0
南宁市,2018,104.34,5,90.0,3,,0.6
南宁市,2019,35.0,7,,3,,0.428571
南宁市,2020,42.75,6,,2,,0.333333
南宁市,2021,278.18,9,,2,,0.222222
南宁市,2022,230.0,5,,2,,0.4
南宁市,2023,30.0,8,,5,,0.625
南宁市,2024,100.0,7,15.0,2,,0.285714
南昌市,2015,22.5,2,0.0,0,,0.0
南昌市,2016,,2,,2,,1.0
南昌市,2017,0.0,0,0.0,0,,
南昌市,2018,,3,,2,,0.666667
南昌市,2019,294.0,2,294.0,2,,1.0
南昌市,2020,106.45,5,0.0,0,,0.0
南昌市,2021,95.0,3,,1,,0.333333
南昌市,2022,,3,,1,,0.333333
南昌市,2023,0.0,0,0.0,0,,
南昌市,2024,0.0,0,0.0,0,,
南通市,2015,33.63,11,2.5,4,,0.363636
南通市,2016,99.8,24,,9,,0.375
南通市,2017,393.62,25,93.0,9,,0.36
南通市,2018,1182.65,36,214.1,8,,0.222222
南通市,2019,452.43,26,31.54,5,,0.192308
南通市,2020,695.66,26,222.8,5,,0.192308
南通市,2021,543.73,36,150.0,13,,0.361111
南通市,2022,452.0,16,0.0,0,,0.0
南通市,2023,42.0,10,,3,,0.3
南通市,2024,93.86,7,20.0,2,0.213083,0.285714
南阳市,2015,0.0,0,0.0,0,,
南阳市,2016,0.0,0,0.0,0,,
南阳市,2017,35.16,4,,1,,0.25
南阳市,2018,20.0,2,0.0,0,,0.0
南阳市,2019,14.41,2,,1,,0.5
南阳市,2020,,1,0.0,0,,0.0
南阳市,2021,14.96,3,0.0,0,,0.0
南阳市,2022,0.0,0,0.0,0,,
南阳市,2023,0.0,0,0.0,0,,
南阳市,2024,0.0,0,0.0,0,,
厦门市,2015,164.17,7,32.17,4,,0.571429
厦门市,2016,209.79,5,46.7,2,0.222604,0.4
厦门市,2017,129.83,8,3.5,3,,0.375
厦门市,2018,455.45,19,348.87,14,,0.736842
厦门市,2019,242.55,11,3.94,4,,0.363636
厦门市,2020,1266.07,33,214.71,10,,0.30303
厦门市,2021,1939.07,63,13.0,14,,0.222222
厦门市,2022,1336.86,39,6.75,7,,0.179487
厦门市,2023,1784.2,31,260.0,4,,0.129032
厦门市,2024,837.5,17,0.0,0,,0.0
台州市,2015,0.0,0,0.0,0,,
台州市,2016,0.0,0,0.0,0,,
台州市,2017,0.0,0,0.0,0,,
台州市,2018,,1,0.0,0,,0.0
台州市,2019,0.0,0,0.0,0,,
台州市,2020,0.0,0,0.0,0,,
台州市,2021,121.2,3,0.0,0,,0.0
台州市,2022,817.33,4,,1,,0.25
台州市,2023,57.0,3,0.0,0,,0.0
台州市,2024,44.78,3,0.0,0,,0.0
合肥市,2015,,1,,1,,1.0
合肥市,2016,259.9,8,200.0,6,,0.75
合肥市,2017,1629.64,17,10.0,10,,0.588235
合肥市,2018,862.96,46,303.76,22,,0.478261
合肥市,2019,908.63,52,11.0,23,,0.442308
合肥市,2020,5771.01,105,37.64,32,,0.304762
合肥市,2021,1483.41,158,286.0,49,,0.310127
合肥市,2022,2301.0,164,295.68,66,,0.402439
合肥市,2023,3954.58,121,1886.3,63,,0.520661
合肥市,2024,4098.47,170,1489.89,101,,0.594118
吉安市,2015,0.0,0,0.0,0,,
吉安市,2016,0.0,0,0.0,0,,
吉安市,2017,0.0,0,0.0,0,,
吉安市,2018,0.0,0,0.0,0,,
吉安市,2019,,1,,1,,1.0
吉安市,2020,0.0,0,0.0,0,,
吉安市,2021,0.0,0,0.0,0,,
吉安市,2022,0.0,0,0.0,0,,
吉安市,2023,100.0,5,,2,,0.4
吉安市,2024,60.0,4,40.0,2,,0.5
吉林市,2015,0.0,0,0.0,0,,
吉林市,2016,8.0,1,0.0,0,0.0,0.0
吉林市,2017,100.0,6,,4,,0.666667
吉林市,2018,57.48,6,4.5,2,,0.333333
吉林市,2019,80.0,2,0.0,0,,0.0
吉林市,2020,0.0,0,0.0,0,,
吉林市,2021,0.0,0,0.0,0,,
吉林市,2022,0.0,0,0.0,0,,
吉林市,2023,,1,,1,,1.0
吉林市,2024,20.26,1,20.26,1,1.0,1.0
吕梁市,2015,0.0,0,0.0,0,,
吕梁市,2016,0.0,0,0.0,0,,
吕梁市,2017,,1,,1,,1.0
吕梁市,2018,,3,,3,,1.0
吕梁市,2019,,1,0.0,0,,0.0
吕梁市,2020,0.0,0,0.0,0,,
吕梁市,2021,0.0,0,0.0,0,,
吕梁市,2022,0.0,0,0.0,0,,
吕梁市,2023,0.0,0,0.0,0,,
吕梁市,2024,0.0,0,0.0,0,,
周口市,2015,0.0,0,0.0,0,,
周口市,2016,0.0,0,0.0,0,,
周口市,2017,0.0,0,0.0,0,,
周口市,2018,0.0,0,0.0,0,,
周口市,2019,0.0,0,0.0,0,,
周口市,2020,0.0,0,0.0,0,,
周口市,2021,0.0,0,0.0,0,,
周口市,2022,0.0,0,0.0,0,,
周口市,2023,,1,0.0,0,,0.0
周口市,2024,0.0,0,0.0,0,,
呼和浩特市,2015,0.0,0,0.0,0,,
呼和浩特市,2016,4.0,2,4.0,2,,1.0
呼和浩特市,2017,0.0,0,0.0,0,,
呼和浩特市,2018,,1,,1,,1.0
呼和浩特市,2019,0.0,0,0.0,0,,
呼和浩特市,2020,0.0,0,0.0,0,,
呼和浩特市,2021,1520.0,2,0.0,0,0.0,0.0
呼和浩特市,2022,12.12,1,0.0,0,0.0,0.0
呼和浩特市,2023,0.0,0,0.0,0,,
呼和浩特市,2024,0.0,0,0.0,0,,
咸宁市,2015,0.0,0,0.0,0,,
咸宁市,2016,,1,,1,,1.0
咸宁市,2017,55.0,3,55.0,2,,0.666667
咸宁市,2018,87.1,5,75.0,1,,0.2
咸宁市,2019,67.1,5,0.0,0,,0.0
咸宁市,2020,114.47,10,20.0,1,,0.1
咸宁市,2021,46.92,13,25.0,2,,0.153846
咸宁市,2022,10.0,6,,2,,0.333333
咸宁市,2023,0.0,0,0.0,0,,
咸宁市,2024,0.0,0,0.0,0,,
咸阳市,2015,0.0,0,0.0,0,,
咸阳市,2016,0.0,0,0.0,0,,
咸阳市,2017,0.0,0,0.0,0,,
咸阳市,2018,0.0,0,0.0,0,,
咸阳市,2019,0.0,0,0.0,0,,
咸阳市,2020,68.26,3,0.0,0,0.0,0.0
咸阳市,2021,142.06,9,8.0,1,,0.111111
咸阳市,2022,443.0,27,,10,,0.37037
咸阳市,2023,628.46,26,293.22,10,,0.384615
咸阳市,2024,146.22,16,50.28,7,,0.4375
哈尔滨市,2015,0.0,0,0.0,0,,
哈尔滨市,2016,,1,0.0,0,,0.0
哈尔滨市,2017,,2,0.0,0,,0.0
哈尔滨市,2018,30.3,3,,2,,0.666667
哈尔滨市,2019,20.2,3,,2,,0.666667
哈尔滨市,2020,420.0,10,,8,,0.8
哈尔滨市,2021,145.0,2,,1,,0.5
哈尔滨市,2022,200.0,4,0.0,0,,0.0
哈尔滨市,2023,,1,0.0,0,,0.0
哈尔滨市,2024,519.5,3,499.5,2,0.961501,0.666667
唐山市,2015,0.0,0,0.0,0,,
唐山市,2016,0.0,0,0.0,0,,
唐山市,2017,0.0,0,0.0,0,,
唐山市,2018,0.0,0,0.0,0,,
唐山市,2019,0.0,0,0.0,0,,
唐山市,2020,0.0,0,0.0,0,,
唐山市,2021,0.0,0,0.0,0,,
唐山市,2022,0.0,0,0.0,0,,
唐山市,2023,,1,,1,,1.0
唐山市,2024,0.0,0,0.0,0,,
商丘市,2015,0.0,0,0.0,0,,
商丘市,2016,0.0,0,0.0,0,,
商丘市,2017,0.0,0,0.0,0,,
商丘市,2018,79.06,2,0.0,0,0.0,0.0
商丘市,2019,0.0,0,0.0,0,,
商丘市,2020,0.0,0,0.0,0,,
商丘市,2021,0.0,0,0.0,0,,
商丘市,2022,0.0,0,0.0,0,,
商丘市,2023,0.0,0,0.0,0,,
商丘市,2024,0.0,0,0.0,0,,
嘉兴市,2015,14.8,3,5.0,1,,0.333333
嘉兴市,2016,70.0,6,27.27,5,,0.833333
嘉兴市,2017,129.9,19,129.9,17,,0.894737
嘉兴市,2018,252.99,58,153.13,42,,0.724138
嘉兴市,2019,160.82,22,100.99,13,,0.590909
嘉兴市,2020,103.11,12,1.91,3,,0.25
嘉兴市,2021,220.03,18,,3,,0.166667
嘉兴市,2022,113.91,9,13.53,4,,0.444444
嘉兴市,2023,110.27,4,0.0,0,,0.0
嘉兴市,2024,95.07,4,16.63,1,,0.25
大同市,2015,0.0,0,0.0,0,,
大同市,2016,0.0,0,0.0,0,,
大同市,2017,0.0,0,0.0,0,,
大同市,2018,0.0,0,0.0,0,,
大同市,2019,0.0,0,0.0,0,,
大同市,2020,,2,,1,,0.5
大同市,2021,,1,,1,,1.0
大同市,2022,0.0,0,0.0,0,,
大同市,2023,,1,0.0,0,,0.0
大同市,2024,0.0,0,0.0,0,,
大庆市,2015,0.0,0,0.0,0,,
大庆市,2016,0.0,0,0.0,0,,
大庆市,2017,0.0,0,0.0,0,,
大庆市,2018,,1,0.0,0,,0.0
大庆市,2019,0.0,0,0.0,0,,
大庆市,2020,0.0,0,0.0,0,,
大庆市,2021,0.0,0,0.0,0,,
大庆市,2022,0.0,0,0.0,0,,
大庆市,2023,55.0,2,0.0,0,,0.0
大庆市,2024,0.0,0,0.0,0,,
大连市,2015,0.0,0,0.0,0,,
大连市,2016,,2,,2,,1.0
大连市,2017,0.0,0,0.0,0,,
大连市,2018,0.0,0,0.0,0,,
大连市,2019,,1,0.0,0,,0.0
大连市,2020,0.0,0,0.0,0,,
大连市,2021,0.0,0,0.0,0,,
大连市,2022,0.0,0,0.0,0,,
大连市,2023,14.95,3,0.0,0,,0.0
大连市,2024,0.0,0,0.0,0,,
天水市,2015,0.0,0,0.0,0,,
天水市,2016,0.0,0,0.0,0,,
天水市,2017,0.0,0,0.0,0,,
天水市,2018,0.0,0,0.0,0,,
天水市,2019,0.0,0,0.0,0,,
天水市,2020,,1,0.0,0,,0.0
天水市,2021,0.0,0,0.0,0,,
天水市,2022,0.0,0,0.0,0,,
天水市,2023,0.0,0,0.0,0,,
天水市,2024,0.0,0,0.0,0,,
天津市,2015,4.53,6,,3,,0.5
天津市,2016,55.0,3,25.0,1,0.454545,0.333333
天津市,2017,44.0,4,,2,,0.5
天津市,2018,789.5,10,25.77,3,,0.3
天津市,2019,472.05,15,5.0,3,,0.2
天津市,2020,714.52,41,77.25,11,,0.268293
天津市,2021,1151.25,89,117.74,25,,0.280899
天津市,2022,1120.17,77,218.91,36,,0.467532
天津市,2023,1862.34,66,296.86,28,,0.424242
天津市,2024,1401.52,70,338.02,31,,0.442857
天门市,2015,79.08,8,21.4,3,,0.375
天门市,2016,40.8,3,0.0,0,0.0,0.0
天门市,2017,15.8,1,0.0,0,0.0,0.0
天门市,2018,0.0,0,0.0,0,,
天门市,2019,0.0,0,0.0,0,,
天门市,2020,0.0,0,0.0,0,,
天门市,2021,0.0,0,0.0,0,,
天门市,2022,0.0,0,0.0,0,,
天门市,2023,0.0,0,0.0,0,,
天门市,2024,0.0,0,0.0,0,,
太原市,2015,26.18,6,6.0,1,,0.166667
太原市,2016,4.32,1,0.0,0,0.0,0.0
太原市,2017,,1,0.0,0,,0.0
太原市,2018,5.0,2,,1,,0.5
太原市,2019,,1,,1,,1.0
太原市,2020,,1,0.0,0,,0.0
太原市,2021,100.0,2,100.0,2,,1.0
太原市,2022,,1,,1,,1.0
太原市,2023,,1,0.0,0,,0.0
太原市,2024,0.0,0,0.0,0,,
威海市,2015,0.0,0,0.0,0,,
威海市,2016,0.0,0,0.0,0,,
威海市,2017,0.0,0,0.0,0,,
威海市,2018,0.0,0,0.0,0,,
威海市,2019,0.0,0,0.0,0,,
威海市,2020,0.0,0,0.0,0,,
威海市,2021,0.0,0,0.0,0,,
威海市,2022,0.0,0,0.0,0,,
威海市,2023,0.0,0,0.0,0,,
威海市,2024,,1,,1,,1.0
孝感市,2015,0.0,0,0.0,0,,
孝感市,2016,0.0,0,0.0,0,,
孝感市,2017,0.0,0,0.0,0,,
孝感市,2018,0.0,0,0.0,0,,
孝感市,2019,0.0,0,0.0,0,,
孝感市,2020,0.0,0,0.0,0,,
孝感市,2021,0.0,0,0.0,0,,
孝感市,2022,0.0,0,0.0,0,,
孝感市,2023,5.0,1,5.0,1,1.0,1.0
孝感市,2024,0.0,0,0.0,0,,
宁波市,2015,29.39,2,,1,,0.5
宁波市,2016,0.0,0,0.0,0,,
宁波市,2017,116.58,19,45.91,11,,0.578947
宁波市,2018,340.92,40,172.16,29,,0.725
宁波市,2019,506.05,23,87.56,14,,0.608696
宁波市,2020,708.94,33,179.27,11,,0.333333
宁波市,2021,564.93,25,72.65,9,,0.36
宁波市,2022,73.64,14,7.77,3,,0.214286
宁波市,2023,328.16,15,208.88,7,,0.466667
宁波市,2024,123.0,8,82.0,4,,0.5
安庆市,2015,0.0,0,0.0,0,,
安庆市,2016,,1,,1,,1.0
安庆市,2017,0.0,0,0.0,0,,
安庆市,2018,154.79,6,24.0,2,,0.333333
安庆市,2019,499.0,8,10.0,1,,0.125
安庆市,2020,424.9,11,250.0,3,,0.272727
安庆市,2021,728.0,10,30.0,5,,0.5
安庆市,2022,,1,,1,,1.0
安庆市,2023,72.03,5,,1,,0.2
安庆市,2024,192.78,6,0.0,0,,0.0
安康市,2015,0.0,0,0.0,0,,
安康市,2016,0.0,0,0.0,0,,
安康市,2017,0.0,0,0.0,0,,
安康市,2018,0.0,0,0.0,0,,
安康市,2019,0.0,0,0.0,0,,
安康市,2020,0.0,0,0.0,0,,
安康市,2021,,1,,1,,1.0
安康市,2022,0.0,0,0.0,0,,
安康市,2023,0.0,0,0.0,0,,
安康市,2024,0.0,0,0.0,0,,
安阳市,2015,77.58,6,0.0,0,0.0,0.0
安阳市,2016,28.0,2,0.0,0,0.0,0.0
安阳市,2017,5.23,1,0.0,0,0.0,0.0
安阳市,2018,0.0,0,0.0,0,,
安阳市,2019,,1,,1,,1.0
安阳市,2020,,2,,1,,0.5
安阳市,2021,,5,,4,,0.8
安阳市,2022,,3,,2,,0.666667
安阳市,2023,0.0,0,0.0,0,,
安阳市,2024,0.0,0,0.0,0,,
定西市,2015,50.6,3,0.0,0,,0.0
定西市,2016,,1,0.0,0,,0.0
定西市,2017,,1,0.0,0,,0.0
定西市,2018,0.0,0,0.0,0,,
定西市,2019,0.0,0,0.0,0,,
定西市,2020,0.0,0,0.0,0,,
定西市,2021,0.0,0,0.0,0,,
定西市,2022,0.0,0,0.0,0,,
定西市,2023,0.0,0,0.0,0,,
定西市,2024,0.0,0,0.0,0,,
宜宾市,2015,0.0,0,0.0,0,,
宜宾市,2016,0.0,0,0.0,0,,
宜宾市,2017,0.0,0,0.0,0,,
宜宾市,2018,0.0,0,0.0,0,,
宜宾市,2019,0.0,0,0.0,0,,
宜宾市,2020,0.0,0,0.0,0,,
宜宾市,2021,,1,0.0,0,,0.0
宜宾市,2022,,1,0.0,0,,0.0
宜宾市,2023,,2,,1,,0.5
宜宾市,2024,134.01,7,46.01,3,0.343333,0.428571
宜昌市,2015,0.0,0,0.0,0,,
宜昌市,2016,15.5,2,8.0,1,0.516129,0.5
宜昌市,2017,22.54,4,0.0,0,,0.0
宜昌市,2018,,1,0.0,0,,0.0
宜昌市,2019,,1,0.0,0,,0.0
宜昌市,2020,0.0,0,0.0,0,,
宜昌市,2021,82.8,5,48.0,1,,0.2
宜昌市,2022,0.0,0,0.0,0,,
宜昌市,2023,0.0,0,0.0,0,,
宜昌市,2024,0.0,0,0.0,0,,
宜春市,2015,0.0,0,0.0,0,,
宜春市,2016,0.0,0,0.0,0,,
宜春市,2017,0.0,0,0.0,0,,
宜春市,2018,0.0,0,0.0,0,,
宜春市,2019,0.0,0,0.0,0,,
宜春市,2020,2.5,1,2.5,1,1.0,1.0
宜春市,2021,0.0,0,0.0,0,,
宜春市,2022,,3,,2,,0.666667
宜春市,2023,10.0,1,10.0,1,1.0,1.0
宜春市,2024,72.0,2,72.0,2,1.0,1.0
宝鸡市,2015,49.96,5,15.0,2,,0.4
宝鸡市,2016,72.52,8,20.0,3,,0.375
宝鸡市,2017,1.0,3,1.0,2,,0.666667
宝鸡市,2018,0.0,0,0.0,0,,
宝鸡市,2019,72.05,8,10.0,2,,0.25
宝鸡市,2020,10.0,1,10.0,1,1.0,1.0
宝鸡市,2021,,1,0.0,0,,0.0
宝鸡市,2022,,3,,2,,0.666667
宝鸡市,2023,10.0,1,0.0,0,0.0,0.0
宝鸡市,2024,20.1,1,0.0,0,0.0,0.0
宣城市,2015,0.0,0,0.0,0,,
宣城市,2016,,1,,1,,1.0
宣城市,2017,0.0,0,0.0,0,,
宣城市,2018,109.8,4,20.0,1,0.182149,0.25
宣城市,2019,0.0,0,0.0,0,,
宣城市,2020,0.0,0,0.0,0,,
宣城市,2021,0.0,0,0.0,0,,
宣城市,2022,,1,0.0,0,,0.0
宣城市,2023,20.0,1,0.0,0,0.0,0.0
宣城市,2024,110.16,3,0.0,0,0.0,0.0
宿州市,2015,0.0,0,0.0,0,,
宿州市,2016,0.0,0,0.0,0,,
宿州市,2017,0.0,0,0.0,0,,
宿州市,2018,0.0,0,0.0,0,,
宿州市,2019,0.0,0,0.0,0,,
宿州市,2020,0.0,0,0.0,0,,
宿州市,2021,,1,0.0,0,,0.0
宿州市,2022,0.0,0,0.0,0,,
宿州市,2023,51.0,3,11.0,2,,0.666667
宿州市,2024,57.5,3,35.0,2,0.608696,0.666667
宿迁市,2015,0.0,0,0.0,0,,
宿迁市,2016,,1,,1,,1.0
宿迁市,2017,0.0,0,0.0,0,,
宿迁市,2018,0.0,0,0.0,0,,
宿迁市,2019,,4,,3,,0.75
宿迁市,2020,34.54,10,,3,,0.3
宿迁市,2021,70.0,12,,4,,0.333333
宿迁市,2022,47.0,10,,1,,0.1
宿迁市,2023,,3,,1,,0.333333
宿迁市,2024,80.0,1,80.0,1,1.0,1.0
巴中市,2015,0.0,0,0.0,0,,
巴中市,2016,0.0,0,0.0,0,,
巴中市,2017,0.0,0,0.0,0,,
巴中市,2018,,1,,1,,1.0
巴中市,2019,10.0,4,,3,,0.75
巴中市,2020,,1,0.0,0,,0.0
巴中市,2021,0.0,0,0.0,0,,
巴中市,2022,0.0,0,0.0,0,,
巴中市,2023,0.0,0,0.0,0,,
巴中市,2024,0.0,0,0.0,0,,
巴音郭楞蒙古自治州,2015,0.0,0,0.0,0,,
巴音郭楞蒙古自治州,2016,0.0,0,0.0,0,,
巴音郭楞蒙古自治州,2017,0.0,0,0.0,0,,
巴音郭楞蒙古自治州,2018,0.0,0,0.0,0,,
巴音郭楞蒙古自治州,2019,0.0,0,0.0,0,,
巴音郭楞蒙古自治州,2020,0.0,0,0.0,0,,
巴音郭楞蒙古自治州,2021,0.0,0,0.0,0,,
巴音郭楞蒙古自治州,2022,0.0,0,0.0,0,,
巴音郭楞蒙古自治州,2023,30.0,1,0.0,0,0.0,0.0
巴音郭楞蒙古自治州,2024,,1,,1,,1.0
常州市,2015,27.0,5,2.0,1,0.074074,0.2
常州市,2016,36.02,5,,1,,0.2
常州市,2017,141.87,9,35.0,5,,0.555556
常州市,2018,236.79,17,2.13,7,,0.411765
常州市,2019,366.0,9,150.0,1,,0.111111
常州市,2020,101.27,14,50.0,4,,0.285714
常州市,2021,57.61,15,,5,,0.333333
常州市,2022,166.13,38,11.1,22,,0.578947
常州市,2023,90.65,20,34.5,9,,0.45
常州市,2024,733.57,35,279.16,13,,0.371429
常德市,2015,0.0,0,0.0,0,,
常德市,2016,0.0,0,0.0,0,,
常德市,2017,19.98,1,0.0,0,0.0,0.0
常德市,2018,,3,,2,,0.666667
常德市,2019,10.0,5,,3,,0.6
常德市,2020,48.33,7,18.33,3,,0.428571
常德市,2021,444.76,14,,1,,0.071429
常德市,2022,193.63,10,,2,,0.2
常德市,2023,30.0,7,5.0,1,,0.142857
常德市,2024,33.62,1,0.0,0,0.0,0.0
广安市,2015,0.0,0,0.0,0,,
广安市,2016,0.0,0,0.0,0,,
广安市,2017,0.0,0,0.0,0,,
广安市,2018,0.0,0,0.0,0,,
广安市,2019,0.0,0,0.0,0,,
广安市,2020,0.0,0,0.0,0,,
广安市,2021,0.0,0,0.0,0,,
广安市,2022,,1,0.0,0,,0.0
广安市,2023,0.0,0,0.0,0,,
广安市,2024,0.0,0,0.0,0,,
广州市,2015,44.3,7,,1,,0.142857
广州市,2016,15.22,4,0.22,2,,0.5
广州市,2017,1455.03,9,,1,,0.111111
广州市,2018,2489.5,18,774.0,6,,0.333333
广州市,2019,3295.64,31,147.43,7,,0.225806
广州市,2020,2955.98,56,523.09,17,,0.303571
广州市,2021,2479.82,101,529.44,25,,0.247525
广州市,2022,2088.06,110,115.71,20,,0.181818
广州市,2023,3103.02,52,1008.47,14,,0.269231
广州市,2024,2780.09,60,479.88,19,,0.316667
廊坊市,2015,0.0,0,0.0,0,,
廊坊市,2016,0.0,0,0.0,0,,
廊坊市,2017,0.0,0,0.0,0,,
廊坊市,2018,0.0,0,0.0,0,,
廊坊市,2019,0.0,0,0.0,0,,
廊坊市,2020,0.0,0,0.0,0,,
廊坊市,2021,0.0,0,0.0,0,,
廊坊市,2022,37.5,2,0.0,0,,0.0
廊坊市,2023,,1,,1,,1.0
廊坊市,2024,0.0,0,0.0,0,,
开封市,2015,0.0,0,0.0,0,,
开封市,2016,0.0,0,0.0,0,,
开封市,2017,0.0,0,0.0,0,,
开封市,2018,0.0,0,0.0,0,,
开封市,2019,0.0,0,0.0,0,,
开封市,2020,,1,,1,,1.0
开封市,2021,,2,,2,,1.0
开封市,2022,,1,0.0,0,,0.0
开封市,2023,0.0,0,0.0,0,,
开封市,2024,0.0,0,0.0,0,,
张家口市,2015,0.0,0,0.0,0,,
张家口市,2016,0.0,0,0.0,0,,
张家口市,2017,0.0,0,0.0,0,,
张家口市,2018,0.0,0,0.0,0,,
张家口市,2019,0.0,0,0.0,0,,
张家口市,2020,0.0,0,0.0,0,,
张家口市,2021,0.0,0,0.0,0,,
张家口市,2022,,1,,1,,1.0
张家口市,2023,0.0,0,0.0,0,,
张家口市,2024,0.0,0,0.0,0,,
张掖市,2015,0.0,0,0.0,0,,
张掖市,2016,0.0,0,0.0,0,,
张掖市,2017,,8,,2,,0.25
张掖市,2018,,1,0.0,0,,0.0
张掖市,2019,0.0,0,0.0,0,,
张掖市,2020,0.0,0,0.0,0,,
张掖市,2021,0.0,0,0.0,0,,
张掖市,2022,0.0,0,0.0,0,,
张掖市,2023,0.0,0,0.0,0,,
张掖市,2024,0.0,0,0.0,0,,
徐州市,2015,0.0,0,0.0,0,,
徐州市,2016,0.0,0,0.0,0,,
徐州市,2017,0.0,0,0.0,0,,
徐州市,2018,0.0,0,0.0,0,,
徐州市,2019,,2,,2,,1.0
徐州市,2020,75.0,2,40.0,1,0.533333,0.5
徐州市,2021,135.8,13,10.0,5,,0.384615
徐州市,2022,163.13,15,38.13,4,,0.266667
徐州市,2023,147.31,10,115.11,5,,0.5
徐州市,2024,1042.36,4,0.0,0,0.0,0.0
德州市,2015,0.0,0,0.0,0,,
德州市,2016,0.0,0,0.0,0,,
德州市,2017,0.0,0,0.0,0,,
德州市,2018,,2,,2,,1.0
德州市,2019,,1,0.0,0,,0.0
德州市,2020,0.0,0,0.0,0,,
德州市,2021,0.0,0,0.0,0,,
德州市,2022,0.0,0,0.0,0,,
德州市,2023,,1,0.0,0,,0.0
德州市,2024,0.0,0,0.0,0,,
德阳市,2015,,1,,1,,1.0
德阳市,2016,,2,,1,,0.5
德阳市,2017,6.0,5,,2,,0.4
德阳市,2018,41.0,2,0.0,0,0.0,0.0
德阳市,2019,0.0,0,0.0,0,,
德阳市,2020,0.0,0,0.0,0,,
德阳市,2021,150.0,1,0.0,0,0.0,0.0
德阳市,2022,0.0,0,0.0,0,,
德阳市,2023,0.0,0,0.0,0,,
德阳市,2024,0.0,0,0.0,0,,
忻州市,2015,0.0,0,0.0,0,,
忻州市,2016,0.0,0,0.0,0,,
忻州市,2017,0.0,0,0.0,0,,
忻州市,2018,0.0,0,0.0,0,,
忻州市,2019,0.0,0,0.0,0,,
忻州市,2020,,1,,1,,1.0
忻州市,2021,0.0,0,0.0,0,,
忻州市,2022,0.0,0,0.0,0,,
忻州市,2023,0.0,0,0.0,0,,
忻州市,2024,0.0,0,0.0,0,,
怀化市,2015,0.0,0,0.0,0,,
怀化市,2016,0.0,0,0.0,0,,
怀化市,2017,0.0,0,0.0,0,,
怀化市,2018,0.0,0,0.0,0,,
怀化市,2019,0.0,0,0.0,0,,
怀化市,2020,,1,,1,,1.0
怀化市,2021,15.0,1,0.0,0,0.0,0.0
怀化市,2022,0.0,0,0.0,0,,
怀化市,2023,0.0,0,0.0,0,,
怀化市,2024,0.0,0,0.0,0,,
惠州市,2015,0.0,0,0.0,0,,
惠州市,2016,0.0,0,0.0,0,,
惠州市,2017,,1,,1,,1.0
惠州市,2018,0.0,0,0.0,0,,
惠州市,2019,,2,,2,,1.0
惠州市,2020,15.0,2,15.0,2,1.0,1.0
惠州市,2021,21.0,3,1.0,1,0.047619,0.333333
惠州市,2022,,1,,1,,1.0
惠州市,2023,,1,,1,,1.0
惠州市,2024,0.0,0,0.0,0,,
成都市,2015,,3,,3,,1.0
成都市,2016,330.0,3,,1,,0.333333
成都市,2017,1039.3,29,10.3,9,,0.310345
成都市,2018,3119.0,42,262.6,20,,0.47619
成都市,2019,539.79,56,170.17,28,,0.5
成都市,2020,802.03,73,187.13,21,,0.287671
成都市,2021,4597.63,85,89.15,29,,0.341176
成都市,2022,890.77,59,80.77,15,,0.254237
成都市,2023,1491.63,54,384.47,21,,0.388889
成都市,2024,5846.08,60,1676.22,31,,0.516667
扬州市,2015,,1,,1,,1.0
扬州市,2016,0.0,0,0.0,0,,
扬州市,2017,4.91,1,0.0,0,0.0,0.0
扬州市,2018,90.0,4,30.0,2,,0.5
扬州市,2019,1433.64,6,150.0,1,0.104629,0.166667
扬州市,2020,215.0,11,0.0,0,,0.0
扬州市,2021,150.5,17,3.5,6,,0.352941
扬州市,2022,7.0,10,2.0,7,,0.7
扬州市,2023,70.75,6,1.46,2,,0.333333
扬州市,2024,11.83,2,11.83,2,,1.0
抚州市,2015,0.0,0,0.0,0,,
抚州市,2016,0.0,0,0.0,0,,
抚州市,2017,0.0,0,0.0,0,,
抚州市,2018,0.0,0,0.0,0,,
抚州市,2019,0.0,0,0.0,0,,
抚州市,2020,0.0,0,0.0,0,,
抚州市,2021,0.0,0,0.0,0,,
抚州市,2022,49.86,1,0.0,0,0.0,0.0
抚州市,2023,0.0,0,0.0,0,,
抚州市,2024,0.0,0,0.0,0,,
拉萨市,2015,0.0,0,0.0,0,,
拉萨市,2016,0.0,0,0.0,0,,
拉萨市,2017,50.0,3,50.0,3,,1.0
拉萨市,2018,,1,0.0,0,,0.0
拉萨市,2019,80.0,1,0.0,0,0.0,0.0
拉萨市,2020,208.86,8,30.0,2,,0.25
拉萨市,2021,,3,,1,,0.333333
拉萨市,2022,,2,0.0,0,,0.0
拉萨市,2023,90.77,3,0.0,0,,0.0
拉萨市,2024,215.51,4,180.51,3,0.837595,0.75
攀枝花市,2015,0.0,0,0.0,0,,
攀枝花市,2016,0.0,0,0.0,0,,
攀枝花市,2017,0.0,0,0.0,0,,
攀枝花市,2018,,1,,1,,1.0
攀枝花市,2019,0.0,0,0.0,0,,
攀枝花市,2020,0.0,0,0.0,0,,
攀枝花市,2021,,2,,2,,1.0
攀枝花市,2022,0.0,0,0.0,0,,
攀枝花市,2023,0.0,0,0.0,0,,
攀枝花市,2024,0.0,0,0.0,0,,
文昌市,2015,0.0,0,0.0,0,,
文昌市,2016,0.0,0,0.0,0,,
文昌市,2017,0.0,0,0.0,0,,
文昌市,2018,0.0,0,0.0,0,,
文昌市,2019,0.0,0,0.0,0,,
文昌市,2020,0.0,0,0.0,0,,
文昌市,2021,0.0,0,0.0,0,,
文昌市,2022,0.0,0,0.0,0,,
文昌市,2023,0.0,0,0.0,0,,
文昌市,2024,,1,0.0,0,,0.0
新乡市,2015,,1,,1,,1.0
新乡市,2016,,3,,3,,1.0
新乡市,2017,,2,,2,,1.0
新乡市,2018,,1,,1,,1.0
新乡市,2019,150.0,3,0.0,0,0.0,0.0
新乡市,2020,135.0,4,0.0,0,,0.0
新乡市,2021,57.99,7,10.0,3,,0.428571
新乡市,2022,8.4,2,0.0,0,,0.0
新乡市,2023,,1,,1,,1.0
新乡市,2024,0.0,0,0.0,0,,
新余市,2015,0.0,0,0.0,0,,
新余市,2016,0.0,0,0.0,0,,
新余市,2017,0.0,0,0.0,0,,
新余市,2018,35.0,1,0.0,0,0.0,0.0
新余市,2019,35.0,2,0.0,0,0.0,0.0
新余市,2020,55.0,4,,2,,0.5
新余市,2021,46.67,1,0.0,0,0.0,0.0
新余市,2022,0.98,2,,1,,0.5
新余市,2023,0.0,0,0.0,0,,
新余市,2024,0.0,0,0.0,0,,
无锡市,2015,,1,0.0,0,,0.0
无锡市,2016,0.0,0,0.0,0,,
无锡市,2017,24.0,6,,2,,0.333333
无锡市,2018,85.75,12,,1,,0.083333
无锡市,2019,410.06,19,7.8,6,,0.315789
无锡市,2020,437.65,26,150.0,5,,0.192308
无锡市,2021,902.13,34,335.65,11,,0.323529
无锡市,2022,5338.24,66,205.0,17,,0.257576
无锡市,2023,10104.23,77,1821.96,31,,0.402597
无锡市,2024,3205.19,80,608.07,47,,0.5875
昆明市,2015,0.0,0,0.0,0,,
昆明市,2016,,3,,1,,0.333333
昆明市,2017,9.66,4,5.25,2,,0.5
昆明市,2018,29.96,2,0.0,0,,0.0
昆明市,2019,5513.67,5,,1,,0.2
昆明市,2020,38.72,6,32.72,3,,0.5
昆明市,2021,5.0,4,0.0,0,,0.0
昆明市,2022,,5,,2,,0.4
昆明市,2023,0.0,0,0.0,0,,
昆明市,2024,50.12,1,0.0,0,0.0,0.0
晋城市,2015,0.0,0,0.0,0,,
晋城市,2016,12.86,2,0.0,0,,0.0
晋城市,2017,0.0,0,0.0,0,,
晋城市,2018,,2,,1,,0.5
晋城市,2019,,1,,1,,1.0
晋城市,2020,,1,,1,,1.0
晋城市,2021,,6,,5,,0.833333
晋城市,2022,,2,,2,,1.0
晋城市,2023,0.0,0,0.0,0,,
晋城市,2024,0.0,0,0.0,0,,
曲靖市,2015,0.0,0,0.0,0,,
曲靖市,2016,0.0,0,0.0,0,,
曲靖市,2017,0.0,0,0.0,0,,
曲靖市,2018,0.0,0,0.0,0,,
曲靖市,2019,0.0,0,0.0,0,,
曲靖市,2020,0.0,0,0.0,0,,
曲靖市,2021,0.0,0,0.0,0,,
曲靖市,2022,0.0,0,0.0,0,,
曲靖市,2023,9.21,2,,1,,0.5
曲靖市,2024,0.0,0,0.0,0,,
杭州市,2015,90.85,13,,3,,0.230769
杭州市,2016,1764.1,28,60.27,11,,0.392857
杭州市,2017,996.87,60,297.18,33,,0.55
杭州市,2018,1567.76,80,396.61,43,,0.5375
杭州市,2019,1380.04,93,230.12,42,,0.451613
杭州市,2020,2116.66,136,903.19,38,,0.279412
杭州市,2021,3419.26,220,380.79,81,,0.368182
杭州市,2022,1879.17,154,174.44,57,,0.37013
杭州市,2023,2214.93,107,726.52,44,,0.411215
杭州市,2024,3067.42,109,1017.32,48,,0.440367
枣庄市,2015,0.0,0,0.0,0,,
枣庄市,2016,0.0,0,0.0,0,,
枣庄市,2017,0.0,0,0.0,0,,
枣庄市,2018,0.0,0,0.0,0,,
枣庄市,2019,12.5,2,5.0,1,0.4,0.5
枣庄市,2020,227.0,1,0.0,0,0.0,0.0
枣庄市,2021,30.0,1,0.0,0,0.0,0.0
枣庄市,2022,,1,0.0,0,,0.0
枣庄市,2023,0.0,0,0.0,0,,
枣庄市,2024,0.0,0,0.0,0,,
柳州市,2015,0.0,0,0.0,0,,
柳州市,2016,0.0,0,0.0,0,,
柳州市,2017,0.0,0,0.0,0,,
柳州市,2018,0.0,0,0.0,0,,
柳州市,2019,15.03,2,0.0,0,0.0,0.0
柳州市,2020,54.42,5,2.42,1,,0.2
柳州市,2021,307.14,11,41.47,5,,0.454545
柳州市,2022,,3,,1,,0.333333
柳州市,2023,384.43,4,236.43,3,0.615014,0.75
柳州市,2024,500.0,1,0.0,0,0.0,0.0
株洲市,2015,0.0,0,0.0,0,,
株洲市,2016,0.0,0,0.0,0,,
株洲市,2017,0.0,0,0.0,0,,
株洲市,2018,0.0,0,0.0,0,,
株洲市,2019,0.0,0,0.0,0,,
株洲市,2020,,2,0.0,0,,0.0
株洲市,2021,720.0,2,700.0,1,0.972222,0.5
株洲市,2022,30.0,8,,1,,0.125
株洲市,2023,152.04,10,,3,,0.3
株洲市,2024,30.0,2,,1,,0.5
桂林市,2015,0.0,0,0.0,0,,
桂林市,2016,0.0,0,0.0,0,,
桂林市,2017,0.0,0,0.0,0,,
桂林市,2018,0.0,0,0.0,0,,
桂林市,2019,0.0,0,0.0,0,,
桂林市,2020,0.0,0,0.0,0,,
桂林市,2021,0.0,0,0.0,0,,
桂林市,2022,10.0,1,10.0,1,1.0,1.0
桂林市,2023,0.0,0,0.0,0,,
桂林市,2024,0.0,0,0.0,0,,
榆林市,2015,0.0,0,0.0,0,,
榆林市,2016,0.0,0,0.0,0,,
榆林市,2017,,1,0.0,0,,0.0
榆林市,2018,0.0,0,0.0,0,,
榆林市,2019,,1,0.0,0,,0.0
榆林市,2020,4.0,3,,2,,0.666667
榆林市,2021,55.32,8,,1,,0.125
榆林市,2022,,2,,2,,1.0
榆林市,2023,120.0,5,0.0,0,,0.0
榆林市,2024,100.0,2,0.0,0,0.0,0.0
武威市,2015,,5,,1,,0.2
武威市,2016,18.0,2,0.0,0,,0.0
武威市,2017,,2,,1,,0.5
武威市,2018,0.0,0,0.0,0,,
武威市,2019,0.0,0,0.0,0,,
武威市,2020,0.0,0,0.0,0,,
武威市,2021,0.0,0,0.0,0,,
武威市,2022,0.0,0,0.0,0,,
武威市,2023,0.0,0,0.0,0,,
武威市,2024,0.0,0,0.0,0,,
武汉市,2015,210.09,35,9.7,11,,0.314286
武汉市,2016,204.75,62,36.0,44,,0.709677
武汉市,2017,941.28,99,246.41,67,,0.676768
武汉市,2018,1063.59,81,153.14,39,,0.481481
武汉市,2019,2071.42,81,195.31,25,,0.308642
武汉市,2020,7481.13,120,136.82,25,,0.208333
武汉市,2021,3309.02,123,458.04,43,,0.349593
武汉市,2022,1063.51,71,539.6,28,,0.394366
武汉市,2023,1118.09,28,0.0,0,,0.0
武汉市,2024,3868.24,45,2033.2,14,,0.311111
汕头市,2015,0.0,0,0.0,0,,
汕头市,2016,0.0,0,0.0,0,,
汕头市,2017,0.0,0,0.0,0,,
汕头市,2018,150.0,1,0.0,0,0.0,0.0
汕头市,2019,328.0,3,0.0,0,0.0,0.0
汕头市,2020,127.45,3,0.0,0,0.0,0.0
汕头市,2021,0.0,0,0.0,0,,
汕头市,2022,,3,0.0,0,,0.0
汕头市,2023,0.0,0,0.0,0,,
汕头市,2024,0.0,0,0.0,0,,
汕尾市,2015,0.0,0,0.0,0,,
汕尾市,2016,0.0,0,0.0,0,,
汕尾市,2017,0.0,0,0.0,0,,
汕尾市,2018,0.0,0,0.0,0,,
汕尾市,2019,0.0,0,0.0,0,,
汕尾市,2020,0.0,0,0.0,0,,
汕尾市,2021,0.0,0,0.0,0,,
汕尾市,2022,0.0,0,0.0,0,,
汕尾市,2023,0.0,0,0.0,0,,
汕尾市,2024,25.0,1,0.0,0,0.0,0.0
江门市,2015,0.0,0,0.0,0,,
江门市,2016,20.0,1,0.0,0,0.0,0.0
江门市,2017,32.5,3,17.5,2,,0.666667
江门市,2018,20.15,2,,1,,0.5
江门市,2019,5.5,7,3.5,6,,0.857143
江门市,2020,2.0,1,0.0,0,0.0,0.0
江门市,2021,3.85,3,,2,,0.666667
江门市,2022,191.44,1,0.0,0,0.0,0.0
江门市,2023,0.0,0,0.0,0,,
江门市,2024,0.0,0,0.0,0,,
池州市,2015,0.0,0,0.0,0,,
池州市,2016,0.0,0,0.0,0,,
池州市,2017,0.0,0,0.0,0,,
池州市,2018,0.0,0,0.0,0,,
池州市,2019,29.98,1,0.0,0,0.0,0.0
池州市,2020,87.02,7,,1,,0.142857
池州市,2021,40.0,8,,2,,0.25
池州市,2022,50.0,4,30.0,2,,0.5
池州市,2023,10.0,2,0.0,0,,0.0
池州市,2024,30.0,2,0.0,0,,0.0
沈阳市,2015,0.0,0,0.0,0,,
沈阳市,2016,10.0,1,0.0,0,0.0,0.0
沈阳市,2017,,1,,1,,1.0
沈阳市,2018,22.5,3,2.5,2,,0.666667
沈阳市,2019,5.92,1,0.0,0,0.0,0.0
沈阳市,2020,119.35,10,0.0,0,,0.0
沈阳市,2021,,4,,1,,0.25
沈阳市,2022,15.0,5,0.0,0,,0.0
沈阳市,2023,56.0,2,0.0,0,,0.0
沈阳市,2024,101.6,4,9.3,2,,0.5
沧州市,2015,0.0,0,0.0,0,,
沧州市,2016,,1,,1,,1.0
沧州市,2017,0.0,0,0.0,0,,
沧州市,2018,0.0,0,0.0,0,,
沧州市,2019,0.0,0,0.0,0,,
沧州市,2020,,1,,1,,1.0
沧州市,2021,,1,,1,,1.0
沧州市,2022,0.0,0,0.0,0,,
沧州市,2023,0.0,0,0.0,0,,
沧州市,2024,0.0,0,0.0,0,,
河源市,2015,0.0,0,0.0,0,,
河源市,2016,0.0,0,0.0,0,,
河源市,2017,0.0,0,0.0,0,,
河源市,2018,0.0,0,0.0,0,,
河源市,2019,0.0,0,0.0,0,,
河源市,2020,,1,0.0,0,,0.0
河源市,2021,0.0,0,0.0,0,,
河源市,2022,,1,,1,,1.0
河源市,2023,,1,,1,,1.0
河源市,2024,,1,0.0,0,,0.0
泉州市,2015,,1,,1,,1.0
泉州市,2016,12.0,1,0.0,0,0.0,0.0
泉州市,2017,10.0,3,,1,,0.333333
泉州市,2018,119.15,5,0.0,0,0.0,0.0
泉州市,2019,400.73,3,,1,,0.333333
泉州市,2020,50.0,7,,2,,0.285714
泉州市,2021,54.98,12,,5,,0.416667
泉州市,2022,60.42,15,10.91,3,,0.2
泉州市,2023,193.6,10,42.31,3,,0.3
泉州市,2024,89.89,9,0.0,0,,0.0
泰安市,2015,0.0,0,0.0,0,,
泰安市,2016,0.0,0,0.0,0,,
泰安市,2017,0.0,0,0.0,0,,
泰安市,2018,0.0,0,0.0,0,,
泰安市,2019,0.0,0,0.0,0,,
泰安市,2020,0.0,0,0.0,0,,
泰安市,2021,,1,,1,,1.0
泰安市,2022,0.0,0,0.0,0,,
泰安市,2023,0.0,0,0.0,0,,
泰安市,2024,0.0,0,0.0,0,,
泰州市,2015,0.0,0,0.0,0,,
泰州市,2016,0.0,0,0.0,0,,
泰州市,2017,,1,0.0,0,,0.0
泰州市,2018,0.0,0,0.0,0,,
泰州市,2019,,2,,1,,0.5
泰州市,2020,211.2,13,0.0,0,,0.0
泰州市,2021,52.91,12,,1,,0.083333
泰州市,2022,118.33,13,58.33,4,,0.307692
泰州市,2023,63.86,7,5.0,1,,0.142857
泰州市,2024,72.47,6,10.0,2,,0.333333
泸州市,2015,0.0,0,0.0,0,,
泸州市,2016,0.0,0,0.0,0,,
泸州市,2017,0.0,0,0.0,0,,
泸州市,2018,10.0,1,0.0,0,0.0,0.0
泸州市,2019,0.0,0,0.0,0,,
泸州市,2020,9.0,1,0.0,0,0.0,0.0
泸州市,2021,0.0,0,0.0,0,,
泸州市,2022,0.0,0,0.0,0,,
泸州市,2023,0.0,0,0.0,0,,
泸州市,2024,0.0,0,0.0,0,,
洛阳市,2015,,1,0.0,0,,0.0
洛阳市,2016,,1,,1,,1.0
洛阳市,2017,0.0,0,0.0,0,,
洛阳市,2018,8.16,1,0.0,0,0.0,0.0
洛阳市,2019,0.0,0,0.0,0,,
洛阳市,2020,,1,0.0,0,,0.0
洛阳市,2021,599.24,9,295.0,3,,0.333333
洛阳市,2022,294.8,8,0.0,0,,0.0
洛阳市,2023,176.77,8,,1,,0.125
洛阳市,2024,43.84,4,10.0,1,0.228102,0.25
济南市,2015,0.0,0,0.0,0,,
济南市,2016,1.0,1,1.0,1,1.0,1.0
济南市,2017,46.13,5,0.0,0,,0.0
济南市,2018,358.81,6,0.0,0,0.0,0.0
济南市,2019,22.0,4,0.0,0,,0.0
济南市,2020,100.33,2,0.0,0,0.0,0.0
济南市,2021,7.0,2,7.0,1,,0.5
济南市,2022,0.0,0,0.0,0,,
济南市,2023,71.19,2,0.0,0,0.0,0.0
济南市,2024,39.5,3,0.0,0,0.0,0.0
济源市,2015,0.0,0,0.0,0,,
济源市,2016,0.0,0,0.0,0,,
济源市,2017,0.0,0,0.0,0,,
济源市,2018,0.0,0,0.0,0,,
济源市,2019,0.0,0,0.0,0,,
济源市,2020,0.0,0,0.0,0,,
济源市,2021,0.0,0,0.0,0,,
济源市,2022,0.0,0,0.0,0,,
济源市,2023,0.0,0,0.0,0,,
济源市,2024,10.0,1,0.0,0,0.0,0.0
海口市,2015,,2,,1,,0.5
海口市,2016,23.6,6,,1,,0.166667
海口市,2017,7.0,23,1.0,20,,0.869565
海口市,2018,20.0,21,,17,,0.809524
海口市,2019,55.0,4,,1,,0.25
海口市,2020,,6,,3,,0.5
海口市,2021,0.0,0,0.0,0,,
海口市,2022,556.76,6,0.0,0,,0.0
海口市,2023,680.0,8,200.0,2,,0.25
海口市,2024,465.81,11,110.61,4,,0.363636
海西蒙古族藏族自治州,2015,0.0,0,0.0,0,,
海西蒙古族藏族自治州,2016,0.0,0,0.0,0,,
海西蒙古族藏族自治州,2017,0.0,0,0.0,0,,
海西蒙古族藏族自治州,2018,,1,0.0,0,,0.0
海西蒙古族藏族自治州,2019,0.0,0,0.0,0,,
海西蒙古族藏族自治州,2020,0.0,0,0.0,0,,
海西蒙古族藏族自治州,2021,0.0,0,0.0,0,,
海西蒙古族藏族自治州,2022,,1,0.0,0,,0.0
海西蒙古族藏族自治州,2023,0.0,0,0.0,0,,
海西蒙古族藏族自治州,2024,0.0,0,0.0,0,,
淄博市,2015,0.0,0,0.0,0,,
淄博市,2016,0.0,0,0.0,0,,
淄博市,2017,0.0,0,0.0,0,,
淄博市,2018,0.0,0,0.0,0,,
淄博市,2019,,1,,1,,1.0
淄博市,2020,49.93,8,,4,,0.5
淄博市,2021,2251.0,19,0.0,0,,0.0
淄博市,2022,95.08,15,,1,,0.066667
淄博市,2023,2498.72,15,200.0,3,,0.2
淄博市,2024,3790.0,7,0.0,0,0.0,0.0
淮北市,2015,0.0,0,0.0,0,,
淮北市,2016,0.0,0,0.0,0,,
淮北市,2017,30.4,1,0.0,0,0.0,0.0
淮北市,2018,0.0,0,0.0,0,,
淮北市,2019,150.0,2,,1,,0.5
淮北市,2020,0.0,0,0.0,0,,
淮北市,2021,177.21,12,,3,,0.25
淮北市,2022,530.98,8,130.0,2,,0.25
淮北市,2023,15.0,2,15.0,2,,1.0
淮北市,2024,479.82,18,9.0,2,,0.111111
淮安市,2015,,1,,1,,1.0
淮安市,2016,,1,0.0,0,,0.0
淮安市,2017,0.0,0,0.0,0,,
淮安市,2018,0.0,0,0.0,0,,
淮安市,2019,40.0,3,0.0,0,,0.0
淮安市,2020,,1,0.0,0,,0.0
淮安市,2021,,2,0.0,0,,0.0
淮安市,2022,,1,0.0,0,,0.0
淮安市,2023,70.0,2,0.0,0,,0.0
淮安市,2024,78.0,3,30.0,1,0.384615,0.333333
深圳市,2015,1619.87,69,198.35,18,,0.26087
深圳市,2016,3098.97,84,339.12,25,,0.297619
深圳市,2017,16808.93,211,1233.65,56,,0.265403
深圳市,2018,9736.33,300,1005.52,101,,0.336667
深圳市,2019,11682.68,322,1074.07,106,,0.329193
深圳市,2020,14745.41,610,1030.5,157,,0.257377
深圳市,2021,13454.44,1009,1641.09,375,,0.371655
深圳市,2022,6190.26,587,1778.52,244,,0.415673
深圳市,2023,10031.37,312,4620.66,145,,0.464744
深圳市,2024,10696.43,280,1441.69,127,,0.453571
温州市,2015,0.0,0,0.0,0,,
温州市,2016,0.0,0,0.0,0,,
温州市,2017,0.0,0,0.0,0,,
温州市,2018,0.0,0,0.0,0,,
温州市,2019,19.85,5,11.85,2,,0.4
温州市,2020,0.0,0,0.0,0,,
温州市,2021,0.0,0,0.0,0,,
温州市,2022,0.0,0,0.0,0,,
温州市,2023,0.0,0,0.0,0,,
温州市,2024,55.0,2,5.0,1,0.090909,0.5
渭南市,2015,0.0,0,0.0,0,,
渭南市,2016,0.0,0,0.0,0,,
渭南市,2017,0.0,0,0.0,0,,
渭南市,2018,,1,,1,,1.0
渭南市,2019,,2,,2,,1.0
渭南市,2020,0.0,0,0.0,0,,
渭南市,2021,,1,,1,,1.0
渭南市,2022,0.0,0,0.0,0,,
渭南市,2023,0.0,0,0.0,0,,
渭南市,2024,0.0,0,0.0,0,,
湖州市,2015,15.8,3,0.0,0,,0.0
湖州市,2016,30.38,5,0.0,0,0.0,0.0
湖州市,2017,352.9,1,352.9,1,1.0,1.0
湖州市,2018,33.0,2,0.0,0,0.0,0.0
湖州市,2019,100.0,1,0.0,0,0.0,0.0
湖州市,2020,70.0,4,,1,,0.25
湖州市,2021,53.0,4,3.0,1,,0.25
湖州市,2022,47.72,13,20.0,3,,0.230769
湖州市,2023,369.18,19,64.87,6,,0.315789
湖州市,2024,341.28,16,43.33,3,0.126963,0.1875
湘潭市,2015,0.0,0,0.0,0,,
湘潭市,2016,,1,,1,,1.0
湘潭市,2017,0.0,0,0.0,0,,
湘潭市,2018,0.0,0,0.0,0,,
湘潭市,2019,0.0,0,0.0,0,,
湘潭市,2020,0.0,0,0.0,0,,
湘潭市,2021,354.7,4,264.7,1,,0.25
湘潭市,2022,144.75,4,0.0,0,,0.0
湘潭市,2023,297.0,2,0.0,0,,0.0
湘潭市,2024,39.26,3,30.0,1,,0.333333
湛江市,2015,0.0,0,0.0,0,,
湛江市,2016,40.58,4,0.0,0,0.0,0.0
湛江市,2017,36.9,3,0.0,0,0.0,0.0
湛江市,2018,92.67,8,0.0,0,,0.0
湛江市,2019,4.74,3,0.0,0,,0.0
湛江市,2020,0.0,0,0.0,0,,
湛江市,2021,,1,0.0,0,,0.0
湛江市,2022,0.0,0,0.0,0,,
湛江市,2023,0.0,0,0.0,0,,
湛江市,2024,0.0,0,0.0,0,,
滁州市,2015,0.0,0,0.0,0,,
滁州市,2016,0.0,0,0.0,0,,
滁州市,2017,,1,0.0,0,,0.0
滁州市,2018,15.0,3,,1,,0.333333
滁州市,2019,58.7,6,,1,,0.166667
滁州市,2020,1.74,4,,1,,0.25
滁州市,2021,,4,,2,,0.5
滁州市,2022,192.86,7,,1,,0.142857
滁州市,2023,355.58,12,,3,,0.25
滁州市,2024,382.25,6,0.0,0,,0.0
漳州市,2015,,1,,1,,1.0
漳州市,2016,0.0,0,0.0,0,,
漳州市,2017,0.0,0,0.0,0,,
漳州市,2018,,1,0.0,0,,0.0
漳州市,2019,22.74,2,0.0,0,,0.0
漳州市,2020,0.0,0,0.0,0,,
漳州市,2021,41.0,6,5.0,2,,0.333333
漳州市,2022,,2,0.0,0,,0.0
漳州市,2023,0.0,0,0.0,0,,
漳州市,2024,0.0,0,0.0,0,,
潍坊市,2015,,1,0.0,0,,0.0
潍坊市,2016,0.0,0,0.0,0,,
潍坊市,2017,0.0,0,0.0,0,,
潍坊市,2018,0.0,0,0.0,0,,
潍坊市,2019,0.0,0,0.0,0,,
潍坊市,2020,0.0,0,0.0,0,,
潍坊市,2021,133.58,7,0.0,0,,0.0
潍坊市,2022,,4,0.0,0,,0.0
潍坊市,2023,166.88,7,106.88,4,,0.571429
潍坊市,2024,94.0,3,0.0,0,,0.0
潜江市,2015,0.0,0,0.0,0,,
潜江市,2016,0.0,0,0.0,0,,
潜江市,2017,0.0,0,0.0,0,,
潜江市,2018,0.0,0,0.0,0,,
潜江市,2019,0.0,0,0.0,0,,
潜江市,2020,290.0,2,260.0,1,0.896552,0.5
潜江市,2021,0.0,0,0.0,0,,
潜江市,2022,0.0,0,0.0,0,,
潜江市,2023,0.0,0,0.0,0,,
潜江市,2024,0.0,0,0.0,0,,
烟台市,2015,96.56,2,0.0,0,,0.0
烟台市,2016,,2,,2,,1.0
烟台市,2017,0.0,0,0.0,0,,
烟台市,2018,0.0,0,0.0,0,,
烟台市,2019,5.0,1,0.0,0,0.0,0.0
烟台市,2020,,1,0.0,0,,0.0
烟台市,2021,,1,,1,,1.0
烟台市,2022,,3,0.0,0,,0.0
烟台市,2023,41.98,3,0.0,0,0.0,0.0
烟台市,2024,10.0,1,0.0,0,0.0,0.0
焦作市,2015,0.0,0,0.0,0,,
焦作市,2016,0.0,0,0.0,0,,
焦作市,2017,20.7,2,0.0,0,0.0,0.0
焦作市,2018,15.0,1,0.0,0,0.0,0.0
焦作市,2019,,2,0.0,0,,0.0
焦作市,2020,31.5,3,0.0,0,,0.0
焦作市,2021,15.0,3,,1,,0.333333
焦作市,2022,0.0,0,0.0,0,,
焦作市,2023,0.0,0,0.0,0,,
焦作市,2024,0.0,0,0.0,0,,
珠海市,2015,262.09,19,116.35,9,,0.473684
珠海市,2016,4053.64,12,,7,,0.583333
珠海市,2017,57.98,8,3.0,5,,0.625
珠海市,2018,148.52,22,81.6,13,,0.590909
珠海市,2019,724.16,23,38.67,11,,0.478261
珠海市,2020,1404.69,64,436.33,21,,0.328125
珠海市,2021,146.44,65,23.0,23,,0.353846
珠海市,2022,81.09,19,40.0,9,,0.473684
珠海市,2023,219.5,11,2.0,4,,0.363636
珠海市,2024,1190.54,33,400.63,11,0.336511,0.333333
益阳市,2015,12.0,1,0.0,0,0.0,0.0
益阳市,2016,36.0,3,0.0,0,0.0,0.0
益阳市,2017,0.0,0,0.0,0,,
益阳市,2018,0.0,0,0.0,0,,
益阳市,2019,0.0,0,0.0,0,,
益阳市,2020,27.33,1,0.0,0,0.0,0.0
益阳市,2021,16.35,3,16.35,1,,0.333333
益阳市,2022,49.0,1,49.0,1,1.0,1.0
益阳市,2023,0.0,0,0.0,0,,
益阳市,2024,0.0,0,0.0,0,,
盐城市,2015,50.0,2,0.0,0,,0.0
盐城市,2016,,3,,3,,1.0
盐城市,2017,145.8,14,,6,,0.428571
盐城市,2018,13.0,9,,3,,0.333333
盐城市,2019,111.5,14,1.5,5,,0.357143
盐城市,2020,309.64,18,210.0,9,,0.5
盐城市,2021,129.01,17,10.0,5,,0.294118
盐城市,2022,25.0,4,0.0,0,,0.0
盐城市,2023,145.0,5,20.0,1,0.137931,0.2
盐城市,2024,800.0,9,115.0,3,0.14375,0.333333
眉山市,2015,0.0,0,0.0,0,,
眉山市,2016,0.0,0,0.0,0,,
眉山市,2017,0.0,0,0.0,0,,
眉山市,2018,0.0,0,0.0,0,,
眉山市,2019,,1,0.0,0,,0.0
眉山市,2020,147.0,2,0.0,0,,0.0
眉山市,2021,80.0,5,,1,,0.2
眉山市,2022,95.0,6,,1,,0.166667
眉山市,2023,55.0,5,25.0,2,,0.4
眉山市,2024,1580.0,12,470.0,3,0.297468,0.25
石家庄市,2015,0.0,0,0.0,0,,
石家庄市,2016,31.0,3,1.0,1,0.032258,0.333333
石家庄市,2017,60.0,7,,2,,0.285714
石家庄市,2018,20.0,2,0.0,0,,0.0
石家庄市,2019,20.0,2,0.0,0,,0.0
石家庄市,2020,18.36,2,0.0,0,,0.0
石家庄市,2021,23.2,3,0.0,0,,0.0
石家庄市,2022,,2,0.0,0,,0.0
石家庄市,2023,16.65,2,0.0,0,0.0,0.0
石家庄市,2024,0.0,0,0.0,0,,
福州市,2015,0.0,0,0.0,0,,
福州市,2016,56.4,4,,1,,0.25
福州市,2017,39.6,6,,5,,0.833333
福州市,2018,67.01,13,17.01,9,,0.692308
福州市,2019,93.75,14,1.0,5,,0.357143
福州市,2020,321.04,18,,5,,0.277778
福州市,2021,182.26,26,100.0,5,,0.192308
福州市,2022,16.29,10,5.89,3,,0.3
福州市,2023,53.09,8,0.0,0,,0.0
福州市,2024,78.94,6,,1,,0.166667
秦皇岛市,2015,0.0,0,0.0,0,,
秦皇岛市,2016,0.0,0,0.0,0,,
秦皇岛市,2017,0.0,0,0.0,0,,
秦皇岛市,2018,0.0,0,0.0,0,,
秦皇岛市,2019,0.0,0,0.0,0,,
秦皇岛市,2020,0.0,0,0.0,0,,
秦皇岛市,2021,0.0,0,0.0,0,,
秦皇岛市,2022,0.0,0,0.0,0,,
秦皇岛市,2023,25.5,1,25.5,1,1.0,1.0
秦皇岛市,2024,0.0,0,0.0,0,,
红河哈尼族彝族自治州,2015,0.0,0,0.0,0,,
红河哈尼族彝族自治州,2016,,2,,2,,1.0
红河哈尼族彝族自治州,2017,,1,0.0,0,,0.0
红河哈尼族彝族自治州,2018,0.0,0,0.0,0,,
红河哈尼族彝族自治州,2019,0.0,0,0.0,0,,
红河哈尼族彝族自治州,2020,0.0,0,0.0,0,,
红河哈尼族彝族自治州,2021,0.0,0,0.0,0,,
红河哈尼族彝族自治州,2022,0.0,0,0.0,0,,
红河哈尼族彝族自治州,2023,0.0,0,0.0,0,,
红河哈尼族彝族自治州,2024,0.0,0,0.0,0,,
绍兴市,2015,5.0,1,5.0,1,1.0,1.0
绍兴市,2016,8.0,1,8.0,1,1.0,1.0
绍兴市,2017,95.0,3,35.0,1,0.368421,0.333333
绍兴市,2018,318.95,17,209.6,11,,0.647059
绍兴市,2019,105.0,12,85.0,9,,0.75
绍兴市,2020,205.32,19,59.95,7,,0.368421
绍兴市,2021,791.1,79,42.32,21,,0.265823
绍兴市,2022,97.67,39,,15,,0.384615
绍兴市,2023,282.55,19,152.31,10,,0.526316
绍兴市,2024,1590.69,12,1417.69,5,,0.416667
绵阳市,2015,0.0,0,0.0,0,,
绵阳市,2016,0.0,0,0.0,0,,
绵阳市,2017,0.0,0,0.0,0,,
绵阳市,2018,0.0,0,0.0,0,,
绵阳市,2019,5.0,5,5.0,4,,0.8
绵阳市,2020,25.0,5,10.0,2,,0.4
绵阳市,2021,,3,,1,,0.333333
绵阳市,2022,4.8,2,4.8,2,,1.0
绵阳市,2023,60.71,5,0.0,0,,0.0
绵阳市,2024,0.0,0,0.0,0,,
自贡市,2015,0.0,0,0.0,0,,
自贡市,2016,21.0,1,0.0,0,0.0,0.0
自贡市,2017,0.0,0,0.0,0,,
自贡市,2018,0.0,0,0.0,0,,
自贡市,2019,,1,0.0,0,,0.0
自贡市,2020,0.0,0,0.0,0,,
自贡市,2021,0.0,0,0.0,0,,
自贡市,2022,,1,0.0,0,,0.0
自贡市,2023,0.0,0,0.0,0,,
自贡市,2024,0.0,0,0.0,0,,
芜湖市,2015,30.0,2,0.0,0,0.0,0.0
芜湖市,2016,0.0,0,0.0,0,,
芜湖市,2017,68.7,1,0.0,0,0.0,0.0
芜湖市,2018,0.0,0,0.0,0,,
芜湖市,2019,80.33,4,0.0,0,,0.0
芜湖市,2020,67.0,4,0.0,0,,0.0
芜湖市,2021,49.74,13,,2,,0.153846
芜湖市,2022,324.0,19,144.0,2,,0.105263
芜湖市,2023,84.22,6,0.0,0,,0.0
芜湖市,2024,280.0,5,0.0,0,,0.0
苏州市,2015,1065.9,113,534.9,79,,0.699115
苏州市,2016,1168.9,70,646.59,50,,0.714286
苏州市,2017,2346.65,122,785.74,65,,0.532787
苏州市,2018,4229.1,191,2124.07,90,,0.471204
苏州市,2019,3279.41,153,1029.03,57,,0.372549
苏州市,2020,6211.02,310,1594.25,98,,0.316129
苏州市,2021,3791.87,579,794.95,185,,0.319516
苏州市,2022,1181.5,378,537.96,161,,0.425926
苏州市,2023,5914.68,297,1511.01,147,,0.494949
苏州市,2024,6438.09,257,1325.3,110,,0.428016
荆州市,2015,50.0,1,0.0,0,0.0,0.0
荆州市,2016,39.5,2,0.0,0,0.0,0.0
荆州市,2017,64.98,3,0.0,0,,0.0
荆州市,2018,0.0,0,0.0,0,,
荆州市,2019,,1,,1,,1.0
荆州市,2020,,1,0.0,0,,0.0
荆州市,2021,,1,0.0,0,,0.0
荆州市,2022,0.0,0,0.0,0,,
荆州市,2023,0.0,0,0.0,0,,
荆州市,2024,0.0,0,0.0,0,,
莆田市,2015,0.0,0,0.0,0,,
莆田市,2016,0.0,0,0.0,0,,
莆田市,2017,0.0,0,0.0,0,,
莆田市,2018,0.0,0,0.0,0,,
莆田市,2019,0.0,0,0.0,0,,
莆田市,2020,0.0,0,0.0,0,,
莆田市,2021,,6,,1,,0.166667
莆田市,2022,0.0,0,0.0,0,,
莆田市,2023,0.0,0,0.0,0,,
莆田市,2024,0.0,0,0.0,0,,
菏泽市,2015,0.0,0,0.0,0,,
菏泽市,2016,0.0,0,0.0,0,,
菏泽市,2017,0.0,0,0.0,0,,
菏泽市,2018,0.0,0,0.0,0,,
菏泽市,2019,,1,,1,,1.0
菏泽市,2020,0.0,0,0.0,0,,
菏泽市,2021,,1,,1,,1.0
菏泽市,2022,,1,0.0,0,,0.0
菏泽市,2023,0.0,0,0.0,0,,
菏泽市,2024,0.0,0,0.0,0,,
蚌埠市,2015,0.0,0,0.0,0,,
蚌埠市,2016,0.0,0,0.0,0,,
蚌埠市,2017,,2,,1,,0.5
蚌埠市,2018,2.29,1,2.29,1,1.0,1.0
蚌埠市,2019,15.0,3,,1,,0.333333
蚌埠市,2020,1075.75,15,199.99,2,,0.133333
蚌埠市,2021,142.39,16,,6,,0.375
蚌埠市,2022,315.1,14,,2,,0.142857
蚌埠市,2023,439.91,5,0.0,0,0.0,0.0
蚌埠市,2024,549.0,7,75.0,1,0.136612,0.142857
衡阳市,2015,0.0,0,0.0,0,,
衡阳市,2016,0.0,0,0.0,0,,
衡阳市,2017,0.0,0,0.0,0,,
衡阳市,2018,0.0,0,0.0,0,,
衡阳市,2019,0.0,0,0.0,0,,
衡阳市,2020,30.0,1,0.0,0,0.0,0.0
衡阳市,2021,0.0,0,0.0,0,,
衡阳市,2022,0.0,0,0.0,0,,
衡阳市,2023,80.0,1,0.0,0,0.0,0.0
衡阳市,2024,0.0,0,0.0,0,,
衢州市,2015,0.0,0,0.0,0,,
衢州市,2016,79.98,6,,3,,0.5
衢州市,2017,0.0,0,0.0,0,,
衢州市,2018,,2,,2,,1.0
衢州市,2019,,1,0.0,0,,0.0
衢州市,2020,565.85,2,500.0,1,0.883626,0.5
衢州市,2021,,1,,1,,1.0
衢州市,2022,0.0,0,0.0,0,,
衢州市,2023,0.0,0,0.0,0,,
衢州市,2024,116.67,3,0.0,0,0.0,0.0
襄阳市,2015,0.0,0,0.0,0,,
襄阳市,2016,0.0,0,0.0,0,,
襄阳市,2017,14.4,1,0.0,0,0.0,0.0
襄阳市,2018,25.0,3,0.0,0,0.0,0.0
襄阳市,2019,,1,0.0,0,,0.0
襄阳市,2020,,2,,2,,1.0
襄阳市,2021,32.0,3,0.0,0,,0.0
襄阳市,2022,,2,0.0,0,,0.0
襄阳市,2023,0.0,0,0.0,0,,
襄阳市,2024,0.0,0,0.0,0,,
西宁市,2015,0.0,0,0.0,0,,
西宁市,2016,0.0,0,0.0,0,,
西宁市,2017,34.4,2,0.0,0,,0.0
西宁市,2018,35.0,1,0.0,0,0.0,0.0
西宁市,2019,57.25,5,25.0,3,,0.6
西宁市,2020,,1,0.0,0,,0.0
西宁市,2021,,1,0.0,0,,0.0
西宁市,2022,0.0,0,0.0,0,,
西宁市,2023,0.0,0,0.0,0,,
西宁市,2024,0.0,0,0.0,0,,
西安市,2015,58.99,16,10.5,6,,0.375
西安市,2016,205.24,24,52.0,11,,0.458333
西安市,2017,231.0,24,2.0,6,,0.25
西安市,2018,189.35,17,50.0,2,,0.117647
西安市,2019,1950.88,38,1770.7,10,,0.263158
西安市,2020,1532.0,42,493.82,6,,0.142857
西安市,2021,819.44,74,101.0,6,,0.081081
西安市,2022,549.09,52,,20,,0.384615
西安市,2023,1368.02,53,384.29,22,,0.415094
西安市,2024,1270.39,60,107.01,18,,0.3
贵阳市,2015,,4,,1,,0.25
贵阳市,2016,,6,,5,,0.833333
贵阳市,2017,219.5,9,10.5,4,,0.444444
贵阳市,2018,250.0,6,,3,,0.5
贵阳市,2019,188.26,42,8.4,16,,0.380952
贵阳市,2020,697.51,40,22.5,21,,0.525
贵阳市,2021,389.33,128,,49,,0.382812
贵阳市,2022,2404.81,150,1142.21,86,,0.573333
贵阳市,2023,1315.13,47,490.0,21,,0.446809
贵阳市,2024,806.0,18,144.0,2,,0.111111
贺州市,2015,0.0,0,0.0,0,,
贺州市,2016,0.0,0,0.0,0,,
贺州市,2017,,1,,1,,1.0
贺州市,2018,0.0,0,0.0,0,,
贺州市,2019,0.0,0,0.0,0,,
贺州市,2020,0.0,0,0.0,0,,
贺州市,2021,0.0,0,0.0,0,,
贺州市,2022,0.0,0,0.0,0,,
贺州市,2023,0.0,0,0.0,0,,
贺州市,2024,0.0,0,0.0,0,,
赣州市,2015,0.0,0,0.0,0,,
赣州市,2016,0.0,0,0.0,0,,
赣州市,2017,,1,,1,,1.0
赣州市,2018,0.0,0,0.0,0,,
赣州市,2019,100.0,1,0.0,0,0.0,0.0
赣州市,2020,,1,0.0,0,,0.0
赣州市,2021,10.0,2,10.0,2,,1.0
赣州市,2022,,1,,1,,1.0
赣州市,2023,0.0,0,0.0,0,,
赣州市,2024,0.0,0,0.0,0,,
运城市,2015,0.0,0,0.0,0,,
运城市,2016,0.0,0,0.0,0,,
运城市,2017,0.0,0,0.0,0,,
运城市,2018,0.0,0,0.0,0,,
运城市,2019,0.0,0,0.0,0,,
运城市,2020,0.0,0,0.0,0,,
运城市,2021,0.0,0,0.0,0,,
运城市,2022,0.0,0,0.0,0,,
运城市,2023,0.0,0,0.0,0,,
运城市,2024,,1,,1,,1.0
连云港市,2015,0.0,0,0.0,0,,
连云港市,2016,0.0,0,0.0,0,,
连云港市,2017,0.0,0,0.0,0,,
连云港市,2018,36.0,1,0.0,0,0.0,0.0
连云港市,2019,,1,,1,,1.0
连云港市,2020,0.0,0,0.0,0,,
连云港市,2021,0.0,0,0.0,0,,
连云港市,2022,0.0,0,0.0,0,,
连云港市,2023,27.3,5,,1,,0.2
连云港市,2024,0.0,0,0.0,0,,
遂宁市,2015,0.0,0,0.0,0,,
遂宁市,2016,0.0,0,0.0,0,,
遂宁市,2017,0.0,0,0.0,0,,
遂宁市,2018,0.0,0,0.0,0,,
遂宁市,2019,,1,,1,,1.0
遂宁市,2020,0.0,0,0.0,0,,
遂宁市,2021,0.0,0,0.0,0,,
遂宁市,2022,0.0,0,0.0,0,,
遂宁市,2023,0.0,0,0.0,0,,
遂宁市,2024,0.0,0,0.0,0,,
遵义市,2015,0.0,0,0.0,0,,
遵义市,2016,0.0,0,0.0,0,,
遵义市,2017,99.97,1,99.97,1,1.0,1.0
遵义市,2018,0.0,0,0.0,0,,
遵义市,2019,0.0,0,0.0,0,,
遵义市,2020,0.0,0,0.0,0,,
遵义市,2021,0.0,0,0.0,0,,
遵义市,2022,0.0,0,0.0,0,,
遵义市,2023,0.0,0,0.0,0,,
遵义市,2024,0.0,0,0.0,0,,
郑州市,2015,20.0,2,,1,,0.5
郑州市,2016,239.7,13,0.0,0,,0.0
郑州市,2017,583.33,24,,4,,0.166667
郑州市,2018,647.99,13,,2,,0.153846
郑州市,2019,480.35,18,170.0,3,,0.166667
郑州市,2020,505.3,44,,5,,0.113636
郑州市,2021,384.1,77,6.0,17,,0.220779
郑州市,2022,355.98,48,23.0,9,,0.1875
郑州市,2023,933.82,36,125.96,9,,0.25
郑州市,2024,1487.35,38,189.03,9,,0.236842
郴州市,2015,0.0,0,0.0,0,,
郴州市,2016,,1,0.0,0,,0.0
郴州市,2017,0.0,0,0.0,0,,
郴州市,2018,0.0,0,0.0,0,,
郴州市,2019,0.0,0,0.0,0,,
郴州市,2020,0.0,0,0.0,0,,
郴州市,2021,0.0,0,0.0,0,,
郴州市,2022,0.0,0,0.0,0,,
郴州市,2023,0.0,0,0.0,0,,
郴州市,2024,0.0,0,0.0,0,,
鄂州市,2015,0.0,0,0.0,0,,
鄂州市,2016,20.0,1,20.0,1,1.0,1.0
鄂州市,2017,10.0,1,0.0,0,0.0,0.0
鄂州市,2018,0.0,0,0.0,0,,
鄂州市,2019,5960.0,1,0.0,0,0.0,0.0
鄂州市,2020,,1,0.0,0,,0.0
鄂州市,2021,0.0,0,0.0,0,,
鄂州市,2022,0.0,0,0.0,0,,
鄂州市,2023,0.0,0,0.0,0,,
鄂州市,2024,0.0,0,0.0,0,,
重庆市,2015,402.0,10,34.0,5,,0.5
重庆市,2016,1199.58,21,1003.61,8,,0.380952
重庆市,2017,589.79,31,8.0,7,,0.225806
重庆市,2018,1062.93,39,78.48,19,,0.487179
重庆市,2019,1431.54,45,355.61,22,,0.488889
重庆市,2020,687.15,50,248.81,21,,0.42
重庆市,2021,609.83,109,40.31,41,,0.376147
重庆市,2022,941.89,64,,23,,0.359375
重庆市,2023,1351.17,43,285.64,15,,0.348837
重庆市,2024,1862.27,49,580.44,25,,0.510204
金华市,2015,0.0,0,0.0,0,,
金华市,2016,,1,,1,,1.0
金华市,2017,614.43,7,,2,,0.285714
金华市,2018,729.88,8,0.0,0,,0.0
金华市,2019,95.08,1,0.0,0,0.0,0.0
金华市,2020,276.54,16,140.0,6,,0.375
金华市,2021,1043.92,28,,9,,0.321429
金华市,2022,60.6,12,6.0,4,,0.333333
金华市,2023,318.08,6,114.3,2,,0.333333
金华市,2024,20.0,1,20.0,1,1.0,1.0
钦州市,2015,0.0,0,0.0,0,,
钦州市,2016,0.0,0,0.0,0,,
钦州市,2017,0.0,0,0.0,0,,
钦州市,2018,,1,,1,,1.0
钦州市,2019,0.0,0,0.0,0,,
钦州市,2020,0.0,0,0.0,0,,
钦州市,2021,0.0,0,0.0,0,,
钦州市,2022,0.0,0,0.0,0,,
钦州市,2023,0.0,0,0.0,0,,
钦州市,2024,0.0,0,0.0,0,,
铜川市,2015,0.0,0,0.0,0,,
铜川市,2016,0.0,0,0.0,0,,
铜川市,2017,0.0,0,0.0,0,,
铜川市,2018,0.0,0,0.0,0,,
铜川市,2019,0.0,0,0.0,0,,
铜川市,2020,,1,,1,,1.0
铜川市,2021,,2,,2,,1.0
铜川市,2022,0.0,0,0.0,0,,
铜川市,2023,0.0,0,0.0,0,,
铜川市,2024,0.0,0,0.0,0,,
铜陵市,2015,0.0,0,0.0,0,,
铜陵市,2016,15.23,3,,1,,0.333333
铜陵市,2017,,1,,1,,1.0
铜陵市,2018,0.0,0,0.0,0,,
铜陵市,2019,0.0,0,0.0,0,,
铜陵市,2020,,1,0.0,0,,0.0
铜陵市,2021,117.91,6,,1,,0.166667
铜陵市,2022,142.04,11,,2,,0.181818
铜陵市,2023,570.0,13,175.0,5,,0.384615
铜陵市,2024,144.5,6,35.0,2,0.242215,0.333333
银川市,2015,0.0,0,0.0,0,,
银川市,2016,0.0,0,0.0,0,,
银川市,2017,0.0,0,0.0,0,,
银川市,2018,,1,0.0,0,,0.0
银川市,2019,99.81,7,,2,,0.285714
银川市,2020,200.0,2,200.0,2,,1.0
银川市,2021,0.0,0,0.0,0,,
银川市,2022,50.0,1,0.0,0,0.0,0.0
银川市,2023,0.0,0,0.0,0,,
银川市,2024,,1,0.0,0,,0.0
锡林郭勒盟,2015,0.0,0,0.0,0,,
锡林郭勒盟,2016,,1,,1,,1.0
锡林郭勒盟,2017,0.0,0,0.0,0,,
锡林郭勒盟,2018,0.0,0,0.0,0,,
锡林郭勒盟,2019,0.0,0,0.0,0,,
锡林郭勒盟,2020,0.0,0,0.0,0,,
锡林郭勒盟,2021,0.0,0,0.0,0,,
锡林郭勒盟,2022,0.0,0,0.0,0,,
锡林郭勒盟,2023,0.0,0,0.0,0,,
锡林郭勒盟,2024,0.0,0,0.0,0,,
镇江市,2015,7.8,2,0.0,0,0.0,0.0
镇江市,2016,3.0,3,3.0,2,,0.666667
镇江市,2017,0.0,0,0.0,0,,
镇江市,2018,30.0,1,0.0,0,0.0,0.0
镇江市,2019,0.0,0,0.0,0,,
镇江市,2020,,3,0.0,0,,0.0
镇江市,2021,,2,,1,,0.5
镇江市,2022,70.0,7,,1,,0.142857
镇江市,2023,58.13,1,0.0,0,0.0,0.0
镇江市,2024,0.0,0,0.0,0,,
长春市,2015,68.2,4,0.0,0,,0.0
长春市,2016,26.35,3,0.0,0,,0.0
长春市,2017,50.0,5,,1,,0.2
长春市,2018,1001.46,11,,3,,0.272727
长春市,2019,304.8,8,,1,,0.125
长春市,2020,225.0,11,,1,,0.090909
长春市,2021,95.18,7,,2,,0.285714
长春市,2022,7.0,4,0.0,0,,0.0
长春市,2023,205.21,13,60.0,2,,0.153846
长春市,2024,189.42,11,22.0,4,,0.363636
长沙市,2015,555.34,11,60.0,2,,0.181818
长沙市,2016,82.6,5,0.0,0,,0.0
长沙市,2017,259.0,8,0.0,0,,0.0
长沙市,2018,99.61,4,21.61,1,,0.25
长沙市,2019,366.25,17,235.33,8,,0.470588
长沙市,2020,371.22,28,33.19,7,,0.25
长沙市,2021,695.55,56,15.0,14,,0.25
长沙市,2022,119.9,36,14.4,12,,0.333333
长沙市,2023,388.79,26,124.08,9,,0.346154
长沙市,2024,703.49,27,231.03,10,,0.37037
阜阳市,2015,0.0,0,0.0,0,,
阜阳市,2016,0.0,0,0.0,0,,
阜阳市,2017,0.0,0,0.0,0,,
阜阳市,2018,0.0,0,0.0,0,,
阜阳市,2019,0.0,0,0.0,0,,
阜阳市,2020,0.0,0,0.0,0,,
阜阳市,2021,0.0,0,0.0,0,,
阜阳市,2022,12.31,2,0.0,0,,0.0
阜阳市,2023,45.0,4,0.0,0,,0.0
阜阳市,2024,39.99,4,20.0,2,,0.5
阿坝藏族羌族自治州,2015,0.0,0,0.0,0,,
阿坝藏族羌族自治州,2016,0.0,0,0.0,0,,
阿坝藏族羌族自治州,2017,0.0,0,0.0,0,,
阿坝藏族羌族自治州,2018,0.0,0,0.0,0,,
阿坝藏族羌族自治州,2019,,1,0.0,0,,0.0
阿坝藏族羌族自治州,2020,40.0,2,0.0,0,,0.0
阿坝藏族羌族自治州,2021,0.0,0,0.0,0,,
阿坝藏族羌族自治州,2022,0.0,0,0.0,0,,
阿坝藏族羌族自治州,2023,0.0,0,0.0,0,,
阿坝藏族羌族自治州,2024,0.0,0,0.0,0,,
阿拉善盟,2015,0.0,0,0.0,0,,
阿拉善盟,2016,1.0,1,1.0,1,1.0,1.0
阿拉善盟,2017,0.0,0,0.0,0,,
阿拉善盟,2018,0.0,0,0.0,0,,
阿拉善盟,2019,0.0,0,0.0,0,,
阿拉善盟,2020,125.0,1,0.0,0,0.0,0.0
阿拉善盟,2021,0.0,0,0.0,0,,
阿拉善盟,2022,0.0,0,0.0,0,,
阿拉善盟,2023,0.0,0,0.0,0,,
阿拉善盟,2024,0.0,0,0.0,0,,
阿拉尔市,2015,0.0,0,0.0,0,,
阿拉尔市,2016,0.0,0,0.0,0,,
阿拉尔市,2017,0.0,0,0.0,0,,
阿拉尔市,2018,0.0,0,0.0,0,,
阿拉尔市,2019,0.0,0,0.0,0,,
阿拉尔市,2020,0.0,0,0.0,0,,
阿拉尔市,2021,0.0,0,0.0,0,,
阿拉尔市,2022,0.0,0,0.0,0,,
阿拉尔市,2023,0.0,0,0.0,0,,
阿拉尔市,2024,200.0,1,200.0,1,1.0,1.0
雅安市,2015,0.0,0,0.0,0,,
雅安市,2016,0.0,0,0.0,0,,
雅安市,2017,0.0,0,0.0,0,,
雅安市,2018,0.0,0,0.0,0,,
雅安市,2019,,1,0.0,0,,0.0
雅安市,2020,0.0,0,0.0,0,,
雅安市,2021,0.0,0,0.0,0,,
雅安市,2022,0.0,0,0.0,0,,
雅安市,2023,0.0,0,0.0,0,,
雅安市,2024,0.0,0,0.0,0,,
青岛市,2015,288.2,18,,1,,0.055556
青岛市,2016,241.39,20,46.5,7,,0.35
青岛市,2017,54.0,15,7.5,4,,0.266667
青岛市,2018,308.19,12,,2,,0.166667
青岛市,2019,,4,0.0,0,,0.0
青岛市,2020,275.25,20,34.58,6,,0.3
青岛市,2021,1323.68,133,33.5,45,,0.338346
青岛市,2022,857.64,104,104.87,40,,0.384615
青岛市,2023,1376.99,59,154.87,18,,0.305085
青岛市,2024,1436.71,49,379.91,17,,0.346939
韶关市,2015,0.0,0,0.0,0,,
韶关市,2016,0.0,0,0.0,0,,
韶关市,2017,0.0,0,0.0,0,,
韶关市,2018,10.37,4,,3,,0.75
韶关市,2019,0.0,0,0.0,0,,
韶关市,2020,0.0,0,0.0,0,,
韶关市,2021,,2,0.0,0,,0.0
韶关市,2022,,1,0.0,0,,0.0
韶关市,2023,,1,0.0,0,,0.0
韶关市,2024,0.0,0,0.0,0,,
马鞍山市,2015,35.0,1,0.0,0,0.0,0.0
马鞍山市,2016,18.18,8,,3,,0.375
马鞍山市,2017,564.82,8,11.9,2,,0.25
马鞍山市,2018,104.82,4,,1,,0.25
马鞍山市,2019,72.0,5,0.0,0,,0.0
马鞍山市,2020,434.75,8,46.75,3,,0.375
马鞍山市,2021,146.0,2,0.0,0,,0.0
马鞍山市,2022,0.0,0,0.0,0,,
马鞍山市,2023,5.0,1,0.0,0,0.0,0.0
马鞍山市,2024,0.0,0,0.0,0,,
鹰潭市,2015,0.0,0,0.0,0,,
鹰潭市,2016,0.0,0,0.0,0,,
鹰潭市,2017,0.0,0,0.0,0,,
鹰潭市,2018,0.0,0,0.0,0,,
鹰潭市,2019,0.0,0,0.0,0,,
鹰潭市,2020,0.0,0,0.0,0,,
鹰潭市,2021,0.0,0,0.0,0,,
鹰潭市,2022,10.0,1,10.0,1,1.0,1.0
鹰潭市,2023,,1,,1,,1.0
鹰潭市,2024,0.0,0,0.0,0,,
黄山市,2015,0.0,0,0.0,0,,
黄山市,2016,0.0,0,0.0,0,,
黄山市,2017,0.0,0,0.0,0,,
黄山市,2018,36.4,4,36.4,3,,0.75
黄山市,2019,229.98,8,100.0,2,,0.25
黄山市,2020,109.84,7,,1,,0.142857
黄山市,2021,20.0,12,0.0,0,,0.0
黄山市,2022,,5,,2,,0.4
黄山市,2023,20.0,4,,2,,0.5
黄山市,2024,6.0,1,0.0,0,0.0,0.0
黄石市,2015,,1,0.0,0,,0.0
黄石市,2016,,1,,1,,1.0
黄石市,2017,,1,,1,,1.0
黄石市,2018,0.0,0,0.0,0,,
黄石市,2019,0.0,0,0.0,0,,
黄石市,2020,0.0,0,0.0,0,,
黄石市,2021,0.0,0,0.0,0,,
黄石市,2022,0.0,0,0.0,0,,
黄石市,2023,0.0,0,0.0,0,,
黄石市,2024,0.0,0,0.0,0,,
齐齐哈尔市,2015,0.0,0,0.0,0,,
齐齐哈尔市,2016,0.0,0,0.0,0,,
齐齐哈尔市,2017,0.0,0,0.0,0,,
齐齐哈尔市,2018,,1,0.0,0,,0.0
齐齐哈尔市,2019,0.0,0,0.0,0,,
齐齐哈尔市,2020,0.0,0,0.0,0,,
齐齐哈尔市,2021,0.0,0,0.0,0,,
齐齐哈尔市,2022,0.0,0,0.0,0,,
齐齐哈尔市,2023,0.0,0,0.0,0,,
齐齐哈尔市,2024,0.0,0,0.0,0,,
龙岩市,2015,0.0,0,0.0,0,,
龙岩市,2016,0.0,0,0.0,0,,
龙岩市,2017,,1,,1,,1.0
龙岩市,2018,,2,,1,,0.5
龙岩市,2019,249.41,1,0.0,0,0.0,0.0
龙岩市,2020,0.0,0,0.0,0,,
龙岩市,2021,,1,0.0,0,,0.0
龙岩市,2022,0.0,0,0.0,0,,
龙岩市,2023,20.0,2,,1,,0.5
龙岩市,2024,10.0,1,0.0,0,0.0,0.0
